n_estimators,learning_rate,test_score,train_score,max_depth,fit_time,train_minus_train
25,0.08900000000000001,0.9056070311746918,0.9059483753027016,4,126.30640730857849,0.00034134412800979064
27,0.08900000000000001,0.9055706163431868,0.9058895390989059,4,132.67101354598998,0.00031892275571909767
26,0.08900000000000001,0.9054944918833238,0.9058083134614694,4,132.0486159324646,0.0003138215781456344
28,0.08900000000000001,0.9054272895312888,0.9057383825517484,4,136.8423270702362,0.0003110930204596185
27,0.08800000000000001,0.9053627806039428,0.9056992391938024,4,131.85960640907288,0.00033645858985953403
29,0.08900000000000001,0.9053454928802008,0.9056463906106929,4,147.71402702331542,0.0003008977304920224
24,0.08900000000000001,0.9053354712989494,0.9057159660283706,4,116.52760581970215,0.0003804947294211436
25,0.08800000000000001,0.9052935324993392,0.9056613309909108,4,127.15943646430969,0.000367798491571647
25,0.09,0.9052585316157838,0.9056005090642676,4,130.15037636756898,0.00034197744848374345
27,0.09,0.905251777538576,0.9055776877932578,4,135.63675718307496,0.0003259102546817605
28,0.09,0.9052472778823012,0.905571094726816,4,136.49724245071408,0.0003238168445147682
30,0.09,0.9052447864323964,0.905566193475212,4,146.3475850105286,0.0003214070428155802
30,0.08900000000000001,0.9052425332711712,0.9055727023243636,4,148.64229621887208,0.0003301690531923862
24,0.09,0.9052015805592508,0.9055421952276526,4,119.537220287323,0.0003406146684017397
26,0.09,0.9051735369154941,0.9055073732690696,4,127.08191394805908,0.000333836353575534
26,0.08800000000000001,0.9051656451206916,0.9055279936681409,4,136.53890171051026,0.0003623485474492094
30,0.08800000000000001,0.9050952295025264,0.9054310701056572,4,151.96998491287232,0.0003358406031307437
29,0.08800000000000001,0.9050789105738136,0.9054189686296864,4,141.42841172218326,0.0003400580558727828
28,0.08800000000000001,0.9050682546367682,0.9054401551199144,4,137.02434916496276,0.0003719004831461703
24,0.08800000000000001,0.90503225624244,0.9054282352900606,4,120.01769285202026,0.0003959790476205649
29,0.09,0.9050067216609682,0.9053441230025522,4,151.93121747970582,0.00033740134158399826
23,0.08900000000000001,0.904908648992772,0.9052844011197976,4,111.98422250747679,0.0003757521270255637
23,0.09,0.9049068252407174,0.9052680247966988,4,111.78313760757445,0.0003611995559813508
22,0.09,0.9048132045833626,0.9051778208494612,4,106.66274900436402,0.0003646162660986274
22,0.08900000000000001,0.904759349256996,0.9051375077178035,4,107.47417793273924,0.0003781584608075761
23,0.08800000000000001,0.9046721604053868,0.9050320296637382,4,111.78634891510008,0.0003598692583514085
21,0.09,0.904583674085068,0.9049275973783464,4,116.87070555686951,0.0003439232932783698
22,0.08800000000000001,0.9044627863699796,0.904840766094414,4,113.70306916236878,0.0003779797244344296
21,0.08900000000000001,0.9044565019507512,0.9048149092652124,4,121.42689971923828,0.00035840731446112883
21,0.08800000000000001,0.9042099173441024,0.9045525746684324,4,118.99096879959106,0.00034265732433003127
20,0.09,0.9038938524872018,0.9042469403842996,4,116.02355046272278,0.00035308789709787014
20,0.08900000000000001,0.9037169222090224,0.9040573895889222,4,101.9454592704773,0.00034046737989978926
20,0.08800000000000001,0.9037083308459416,0.904057332739684,4,107.73148608207704,0.00034900189374242885
19,0.85,0.8916937850879808,0.8920890306846397,4,87.80903115272524,0.000395245596658933
19,0.88,0.8912520882763939,0.8916061140488433,4,87.28084254264832,0.0003540257724493623
20,0.86,0.8912166781538569,0.8915067204847066,4,89.46229376792908,0.00029004233084972686
19,0.9,0.8905275845040432,0.8909603195093121,4,86.65313625335693,0.00043273500526885833
19,0.87,0.8904172089644684,0.8908135069296712,4,86.7428050994873,0.0003962979652027965
19,0.86,0.8904131546680135,0.8907092302491242,4,86.80275912284851,0.00029607558111066634
19,0.95,0.8903834993305134,0.8907707135555649,4,88.4090437412262,0.00038721422505150205
20,0.85,0.8902556573201565,0.8907005974651107,4,90.16952581405641,0.00044494014495410905
20,0.88,0.890074737408303,0.8903923164571717,4,89.61264538764955,0.00031757904886864363
22,0.86,0.8897746524343985,0.8900268230994947,4,102.15972542762756,0.00025217066509619634
21,0.85,0.8893615655995444,0.8897549105854559,4,94.0374240398407,0.00039334498591148126
21,0.86,0.8892023850447242,0.8895011982828794,4,93.48762340545656,0.00029881323815528216
20,0.87,0.8891633534484923,0.8895610213446391,4,89.66393427848816,0.00039766789614681386
21,0.87,0.8889669165914335,0.8893855858902378,4,93.48912258148194,0.00041866929880429726
22,0.87,0.8889084352344139,0.8892955349419458,4,105.87973895072938,0.0003870997075319238
22,0.85,0.8886209435680753,0.8890237607158532,4,101.31505169868471,0.0004028171477779008
20,0.95,0.8885094308949505,0.8889764197537721,4,90.916578912735,0.00046698885882157093
23,0.87,0.8884475318103124,0.8888837549558319,4,102.01755747795104,0.0004362231455194987
19,0.96,0.8883083926784081,0.8887139811302074,4,87.39735465049743,0.00040558845179927694
19,0.89,0.8880484801249523,0.8884344066068829,4,86.77788600921629,0.00038592648193058743
22,0.88,0.8879005460188584,0.8882498462291435,4,99.87466497421265,0.0003493002102851195
23,0.85,0.8878894538344626,0.8883064853716963,4,112.66424765586856,0.0004170315372337141
21,0.95,0.8874636644459329,0.8878809871713049,4,94.9848457813263,0.00041732272537198245
21,0.9,0.8874514161890309,0.8877574734866835,4,103.23442540168762,0.000306057297652651
21,0.88,0.887006361164287,0.8873782548252935,4,93.64922957420349,0.0003718936610065393
21,0.94,0.8869679285238229,0.887347854485624,4,93.47318015098571,0.0003799259618011419
20,0.94,0.8867930533543685,0.8871933599466788,4,89.03635931015016,0.0004003065923102733
19,0.91,0.8866656222574354,0.8870839690115055,4,86.75995631217957,0.00041834675407015354
20,0.89,0.8864799033971036,0.8868982067705922,4,89.47182240486146,0.00041830337348858215
20,0.96,0.8864451595672312,0.8868454620264046,4,91.66397271156308,0.0004003024591733295
22,0.94,0.8864271873917742,0.8868111926459229,4,96.81365337371828,0.00038400525414872266
19,0.94,0.886367078383438,0.8867328487929118,4,84.82922887802123,0.0003657704094738312
20,0.9,0.8863138517976719,0.886673461773859,4,89.32377185821535,0.0003596099761871141
22,0.95,0.8862637118928806,0.8867058760904099,4,99.38070936203005,0.00044216419752929337
21,0.96,0.8858714466374342,0.8862883060027565,4,95.1664038658142,0.0004168593653223196
23,0.9,0.8852034837533992,0.8855273959188594,4,101.03034086227413,0.0003239121654602384
22,0.9,0.8851523214299497,0.8854472775821428,4,104.14797315597534,0.00029495615219310434
23,0.95,0.8848019616717169,0.885214556428739,4,103.04732370376587,0.00041259475702215553
22,0.89,0.8847841147056152,0.8851697438350804,4,107.40154786109925,0.00038562912946515926
22,0.92,0.88473274538785,0.8851155052752497,4,99.19495053291321,0.00038275988739977507
19,0.92,0.8844968692142483,0.8848600337938558,4,86.28222198486328,0.00036316457960750004
20,0.92,0.8843603456904751,0.8847887989505455,4,89.10542888641358,0.0004284532600704605
21,0.89,0.8841036780760227,0.8845149969394492,4,101.32396426200869,0.0004113188634264908
23,0.88,0.8840099108928899,0.8843607068860427,4,101.67806472778321,0.0003507959931527971
19,0.93,0.8839701392274388,0.8843289078357082,4,86.32008986473083,0.0003587686082693331
23,0.94,0.8838411070693255,0.8842135291579943,4,103.66211462020874,0.0003724220886688334
23,0.86,0.8838404106185337,0.8840533808209511,4,112.45113263130187,0.00021297020241739517
23,0.89,0.8833639801140214,0.8837459550026837,4,101.4606315612793,0.00038197488866231755
22,0.93,0.8827511601177758,0.8830953634108925,4,97.03945436477665,0.00034420329311668496
20,0.93,0.8826346515017789,0.882985236962187,4,89.27339072227478,0.0003505854604081149
21,0.93,0.8826306785021328,0.8829521246733408,4,93.23541851043699,0.00032144617120799523
22,0.91,0.8822108128019173,0.8826430300523388,4,102.66685390472412,0.00043221725042152936
22,0.96,0.882144302451584,0.8826230965759454,4,99.23741893768309,0.00047879412436135915
21,0.91,0.8817521578984571,0.8821576381515073,4,101.96062650680544,0.0004054802530502055
21,0.92,0.8816784792188826,0.8819241196320465,4,102.4879027366638,0.0002456404131638834
23,0.92,0.8815206340926325,0.8817166821581438,4,100.75022931098938,0.0001960480655113228
25,0.96,0.881195929553343,0.8816544993641692,4,109.21342678070069,0.00045856981082614823
23,0.93,0.8808224690486608,0.8811664784112534,4,100.95244421958924,0.00034400936259260106
23,0.96,0.8803749649760746,0.8808399080376439,4,101.95551176071169,0.00046494306156930065
20,0.91,0.8799467069523622,0.8803526934067586,4,89.19868731498718,0.0004059864543963787
24,0.95,0.8798921644659318,0.8804023791380265,4,105.27100701332093,0.0005102146720947776
24,0.96,0.8798727978688372,0.8803896673229298,4,105.46779894828795,0.0005168694540925722
27,0.95,0.8797930592608664,0.8803071195732007,4,116.94760003089905,0.0005140603123343634
28,0.95,0.8796345177470977,0.8802093966647607,4,121.0241527557373,0.0005748789176630575
30,0.09,0.8792917220468276,0.8796323793410625,3,118.01756749153135,0.0003406572942349362
23,0.08800000000000001,0.8791874125942918,0.8795037379476766,3,89.17396717071533,0.0003163253533847721
22,0.08800000000000001,0.8791628478118583,0.8795162900708229,3,97.92048645019531,0.0003534422589646091
26,0.95,0.8791133471088658,0.8795915485410788,4,112.97800879478454,0.00047820143221299904
29,0.09,0.8791091001101222,0.8794383244188252,3,120.59227714538574,0.0003292243087029689
22,0.08900000000000001,0.8791033919217389,0.8794787272306597,3,85.53481335639954,0.0003753353089207545
28,0.09,0.8790997204526192,0.8794363868936241,3,109.11720023155212,0.00033666644100494025
28,0.08900000000000001,0.8790547872343722,0.8794085102030091,3,109.04399828910827,0.0003537229686368937
23,0.08900000000000001,0.8790477191249719,0.8793324100320243,3,89.1273111820221,0.0002846909070524095
29,0.08900000000000001,0.8790399715391338,0.8794261859638878,3,113.18893036842346,0.00038621442475395007
30,0.08900000000000001,0.8790395014696915,0.8794555037968259,3,119.10104622840882,0.00041600232713445706
30,0.08800000000000001,0.879013807691525,0.8793557093588014,3,122.69584398269652,0.0003419016672763231
23,0.09,0.8789600774365823,0.8792283337706461,3,89.35002117156981,0.0002682563340637989
26,0.09,0.8789411121551185,0.8792664883347525,3,102.92033348083496,0.0003253761796340182
21,0.08900000000000001,0.8789355291617623,0.8792722750192945,3,96.49407734870913,0.00033674585753218356
20,0.08900000000000001,0.8789197547418771,0.8791849745429552,3,82.16180486679076,0.00026521980107807597
25,0.95,0.8788998818829531,0.8794088724732243,4,109.00976119041442,0.0005089905902712077
22,0.09,0.8788995066362327,0.8792893242907427,3,85.46141324043273,0.00038981765450996075
27,0.08900000000000001,0.878895913045876,0.8793189305536648,3,105.3883047580719,0.0004230175077888365
24,0.08900000000000001,0.8788346952183042,0.8791716417014359,3,93.30037784576416,0.00033694648313176145
21,0.08800000000000001,0.8788315465966129,0.8791817162191713,3,98.02077126502992,0.000350169622558405
25,0.09,0.8787918856157695,0.8791014838822511,3,100.6216782569885,0.00030959826648158106
21,0.09,0.8787816719280777,0.8791132807749449,3,97.97125678062443,0.00033160884686722625
20,0.09,0.8787779238128627,0.8790689887881232,3,88.1341796875,0.00029106497526054653
25,0.08900000000000001,0.8787551074595831,0.8790848467718121,3,97.77995648384096,0.000329739312229016
23,0.91,0.8787525071564894,0.8791819019159028,4,101.1181573867798,0.0004293947594133929
30,0.95,0.8787401991862753,0.8792599571091697,4,127.76301164627077,0.0005197579228943816
29,0.08800000000000001,0.8787368615070829,0.8791437960303806,3,113.04644708633423,0.0004069345232977639
28,0.08800000000000001,0.8786938462400743,0.8791097538440906,3,110.80748262405396,0.0004159076040163301
27,0.09,0.8786717470753878,0.8790800940002559,3,105.66464481353759,0.0004083469248681304
26,0.08900000000000001,0.8786609802858802,0.8790244624361762,3,107.7681921482086,0.0003634821502959129
24,0.08800000000000001,0.8786571770761732,0.8790402353035759,3,93.0839344024658,0.00038305822740269946
25,0.08800000000000001,0.8786521117832159,0.8790738950921666,3,103.16081042289734,0.00042178330895070726
26,0.08800000000000001,0.8785971108098212,0.8789876314559464,3,110.47222084999085,0.0003905206461252142
27,0.08800000000000001,0.8785379172882377,0.8789816218895774,3,105.23822956085205,0.0004437046013396895
20,0.08800000000000001,0.8784121946641228,0.8786199572277271,3,99.04733362197877,0.0002077625636043301
29,0.95,0.8783421435361966,0.8788951008470944,4,124.43795781135559,0.0005529573108978836
24,0.09,0.8783127600785854,0.878698005780605,3,94.36972951889038,0.00038524570201958763
26,0.96,0.8782135792204532,0.8787186251733601,4,113.0630964756012,0.0005050459529069018
27,0.96,0.8781620568943715,0.8787199140276251,4,118.25035738945007,0.0005578571332535143
29,0.96,0.8770816158254565,0.8776796047295955,4,124.72188482284544,0.0005979889041389796
28,0.96,0.876921049576547,0.8774621766156631,4,120.7737365245819,0.0005411270391160183
30,0.96,0.8768060802948847,0.877352436048691,4,128.14399213790892,0.000546355753806238
31,0.95,0.8761432258934241,0.876669517938728,4,131.65261516571044,0.0005262920453039666
31,0.96,0.8752021508667074,0.8757531378639796,4,131.75649518966674,0.0005509869972721848
32,0.95,0.8746779763830956,0.8751516614003956,4,135.24585657119752,0.0004736850172999407
33,0.96,0.8745178679670091,0.8750494325131488,4,139.1797175884247,0.0005315645461396734
33,0.95,0.8739108777681259,0.8743638155541179,4,138.90631580352786,0.0004529377859919803
32,0.96,0.8738497391567718,0.8743807877483359,4,135.54074215888977,0.000531048591564165
34,0.96,0.8719956618390254,0.8724871457966514,4,142.89249548912048,0.0004914839576259933
34,0.95,0.8716075026625685,0.8720801451159034,4,142.61141262054443,0.00047264245333489274
35,0.95,0.8696961237974172,0.8702089783660641,4,146.04499006271362,0.0005128545686469144
35,0.96,0.8695259771564879,0.8700738116733604,4,146.49439911842347,0.0005478345168724585
36,0.95,0.8688724121513658,0.8694058900459929,4,149.84134058952333,0.000533477894627099
36,0.96,0.8683174157389472,0.8688856737225997,4,152.29614057540894,0.0005682579836525647
38,0.96,0.8678056285253126,0.8683996971588457,4,157.63912057876587,0.0005940686335330625
37,0.96,0.8676428704461452,0.8682662842809329,4,153.6192395687103,0.0006234138347877005
37,0.95,0.8672987521309106,0.8678325799622586,4,155.56339373588563,0.0005338278313480327
39,0.96,0.8669686993761839,0.8675460676270426,4,161.13780570030212,0.0005773682508586342
40,0.96,0.8664869716330943,0.8670208747532719,4,164.34220428466796,0.0005339031201776478
39,0.95,0.8664400226585073,0.8669826265273286,4,160.60240669250487,0.0005426038688213231
44,0.96,0.8659239194226732,0.8664287564010958,4,178.31313438415523,0.0005048369784226292
38,0.95,0.8655810061468747,0.8661187096839158,4,156.73873062133788,0.0005377035370410788
43,0.96,0.8654715046536839,0.8659345928943527,4,174.9175870895386,0.0004630882406687631
40,0.95,0.8651083901332759,0.8656219886428884,4,163.83343343734742,0.0005135985096125228
45,0.96,0.8649606675530028,0.8654559458013242,4,181.5857786655426,0.0004952782483214069
41,0.96,0.864822180851984,0.8653432782926572,4,167.90605587959288,0.0005210974406731905
41,0.95,0.864410616669496,0.8648841349508478,4,167.81466398239138,0.0004735182813517813
42,0.95,0.8639786497486398,0.86437181260362,4,171.09029574394225,0.0003931628549801447
47,0.96,0.8631982420598325,0.8636977729653094,4,188.7571829795837,0.0004995309054768304
42,0.96,0.8630389231085582,0.8635769998446079,4,171.61091341972352,0.0005380767360496641
43,0.95,0.8625066951686596,0.8628890664785744,4,174.61507220268246,0.0003823713099148085
46,0.96,0.8617989731022604,0.8623239610864459,4,185.2670000076294,0.0005249879841855432
48,0.96,0.8616197272788273,0.8621510790444609,4,192.38489737510682,0.0005313517656335698
49,0.96,0.861595937098701,0.8620662335818169,4,195.7098979473114,0.0004702964831159173
45,0.95,0.8608827209973107,0.8613045621095521,4,181.26034283638,0.00042184111224141674
44,0.95,0.8608199224783691,0.8612042575686418,4,177.67851090431213,0.00038433509027269164
50,0.96,0.8600368874284621,0.8605181432659332,4,198.54954557418824,0.00048125583747116174
51,0.96,0.8599896562880209,0.8604589628356308,4,202.36911764144898,0.00046930654760990453
46,0.95,0.8598537833114781,0.8602556908364141,4,185.2870080947876,0.0004019075249359627
47,0.95,0.8593023094922709,0.8596932896217409,4,188.40057654380797,0.00039098012946992
53,0.96,0.8590536283054782,0.8595394480546545,4,211.61082363128662,0.00048581974917638604
52,0.96,0.8581988031153532,0.858675542225607,4,209.24045615196232,0.0004767391102538099
48,0.95,0.8569831722221221,0.8574489948439362,4,191.70587196350098,0.00046582262181416034
50,0.95,0.8566934111816753,0.8571663884951134,4,198.31809539794918,0.00047297731343809435
54,0.96,0.8565775328172072,0.8570422795914995,4,215.70500841140748,0.0004647467742923128
49,0.95,0.8562231065259696,0.8566507624008104,4,195.19290537834166,0.00042765587484083767
57,0.96,0.8559878189241724,0.8564412257515019,4,229.42135887146,0.00045340682732952775
56,0.96,0.8556895024705925,0.8561269884578089,4,221.87901792526245,0.00043748598721637943
55,0.96,0.8553330326873707,0.8557962916168872,4,218.7309032440185,0.00046325892951648573
58,0.96,0.8548281512792781,0.8552914587474035,4,226.8006332397461,0.0004633074681253957
59,0.96,0.8544881046145609,0.8549961019481745,4,250.9059937477112,0.000507997333613619
51,0.95,0.8541727489170281,0.8546789040773549,4,201.7003424167633,0.0005061551603268155
52,0.95,0.8535852879271429,0.8540690649138758,4,205.12452058792115,0.0004837769867328534
53,0.95,0.8535623333383697,0.8540184017800764,4,211.64415020942687,0.0004560684417066474
54,0.95,0.8533969980473871,0.8538435587774771,4,215.05079517364499,0.0004465607300899732
56,0.95,0.8532762043000626,0.8536702360062755,4,221.52507467269896,0.00039403170621288286
57,0.95,0.8531406117554482,0.8535295692971291,4,225.3556945323944,0.0003889575416808899
58,0.95,0.8525539322750852,0.8529153367578053,4,241.72971577644347,0.0003614044827200402
59,0.95,0.8515220531654879,0.8519307828918572,4,244.1724892616272,0.0004087297263692946
55,0.95,0.8514259265302302,0.8518621078560328,4,218.2182679653168,0.00043618132580258706
19,0.94,0.8356548876006323,0.8362256929808074,3,67.67724418640137,0.0005708053801750657
19,0.95,0.8340365293119543,0.8346636595373134,3,68.71663818359374,0.000627130225359096
19,0.9,0.8322320257998387,0.83295635193613,3,68.73924283981323,0.0007243261362913644
19,0.91,0.8317999187579159,0.8324676736678092,3,68.9343276977539,0.0006677549098932367
19,0.96,0.8280959502221579,0.8287849848990853,3,69.65234503746032,0.0006890346769273803
19,0.93,0.8253994141343289,0.8262551737724717,3,68.73496899604797,0.0008557596381427723
19,0.87,0.8240796827921045,0.8247152139779544,3,69.41652293205262,0.0006355311858499135
19,0.89,0.8183536170859348,0.8191084135106298,3,69.14195184707641,0.0007547964246950034
19,0.92,0.8176368046959421,0.8183883570598713,3,68.924924659729,0.0007515523639292088
20,0.93,0.8161801183582306,0.8170904956338907,3,71.03258194923401,0.0009103772756601236
19,0.86,0.8154562292093399,0.8161613787870763,3,69.30306668281554,0.0007051495777363748
20,0.86,0.8153634745883274,0.8160741957704513,3,71.47972621917725,0.0007107211821238968
22,0.86,0.8148664658874708,0.8156338833032386,3,82.09520554542543,0.0007674174157678015
21,0.86,0.8148073959203167,0.8155439210620544,3,74.72941055297852,0.0007365251417377205
19,0.88,0.8141803979958594,0.8147463632040168,3,69.12519183158875,0.0005659652081574373
20,0.9,0.8140609546698897,0.8143618743819625,3,71.15127658843994,0.0003009197120728002
21,0.96,0.8135191926173266,0.8140286201643893,3,76.01387715339659,0.0005094275470626242
20,0.96,0.8134338159856134,0.8139356501135258,3,72.54828176498413,0.0005018341279123817
21,0.9,0.8128589505820049,0.8132570242743974,3,79.83592400550842,0.000398073692392531
21,0.93,0.810325540887853,0.8110106133515496,3,77.09787120819092,0.0006850724636965344
22,0.89,0.8088859820494655,0.8094946437653979,3,82.57003254890442,0.0006086617159324348
19,0.85,0.8088280071387107,0.809454082019658,3,69.42325539588929,0.0006260748809472361
20,0.85,0.8086188391538973,0.8092623789355852,3,71.49873342514039,0.0006435397816878519
21,0.89,0.8084041086764561,0.8089761118014428,3,80.6415774345398,0.0005720031249867308
20,0.87,0.8075024169083098,0.8080430375205239,3,71.65911164283753,0.0005406206122140489
21,0.87,0.8074252001329281,0.8079851373062489,3,74.7469835281372,0.0005599371733208125
23,0.87,0.807323182408145,0.8078875125429,3,90.15892000198365,0.0005643301347549867
21,0.85,0.8072924480855811,0.8079352211517374,3,74.98930501937865,0.0006427730661563436
20,0.89,0.8072386418370991,0.8078124818681343,3,71.14525580406189,0.000573840031035111
22,0.87,0.8070129083014355,0.8075959064119459,3,84.62605848312378,0.0005829981105104354
22,0.92,0.8055310730186899,0.8061225310037274,3,83.85287461280822,0.000591457985037569
20,0.94,0.8053549378117459,0.8060447379354944,3,71.21895499229431,0.0006898001237484186
20,0.91,0.8049515225175219,0.805329855174025,3,71.03917384147644,0.0003783326565031109
22,0.94,0.804770370351332,0.8054102496625577,3,77.50373859405518,0.0006398793112256662
22,0.91,0.8042750933010618,0.8047121328361836,3,82.66268892288208,0.00043703953512175264
21,0.94,0.8041895169025708,0.8048711601354064,3,74.27911539077759,0.0006816432328355937
21,0.91,0.8041722925915906,0.8046211875891913,3,81.18687720298767,0.00044889499760070173
22,0.96,0.8036422627078986,0.8042914442511776,3,79.57504334449769,0.000649181543278976
21,0.92,0.8035143801571941,0.8041243243201509,3,82.11432709693909,0.0006099441629567881
21,0.95,0.8034953777562462,0.8040779854651452,3,76.04873394966124,0.0005826077088989523
20,0.88,0.8033535835388204,0.8040875181847775,3,71.3176815509796,0.0007339346459571683
21,0.88,0.8032309587571002,0.8039369707406685,3,74.98338079452516,0.0007060119835683443
22,0.88,0.8031423029506249,0.8038608219408367,3,82.80926775932313,0.0007185189902118028
20,0.92,0.8028828563720435,0.8035695801900904,3,71.33500175476074,0.0006867238180469082
22,0.95,0.8028366792138396,0.8035695027032107,3,79.27232394218444,0.0007328234893710928
20,0.95,0.802587164968602,0.8032862252798939,3,73.26288704872131,0.0006990603112918548
23,0.86,0.8015622906205746,0.8025770702311397,3,90.32135376930236,0.0010147796105650642
23,0.92,0.7994733732030077,0.8002090003925293,3,80.57549390792846,0.0007356271895215816
23,0.96,0.7994322369064146,0.8001804097352959,3,82.26190056800844,0.0007481728288812883
22,0.9,0.7991825525629702,0.7997340180440096,3,82.90262331962586,0.0005514654810393482
23,0.94,0.7938785120250171,0.7947491001948466,3,80.40277924537659,0.0008705881698294338
23,0.93,0.7922504098725257,0.7932775791221031,3,80.50996685028076,0.0010271692495773532
22,0.93,0.7915724225946134,0.7925929574712793,3,81.4799093723297,0.0010205348766659794
23,0.89,0.7910615592058086,0.7919826997832166,3,80.95173301696778,0.0009211405774079973
23,0.9,0.7872783926545401,0.7880151240041882,3,80.66500339508056,0.0007367313496480232
23,0.95,0.7855086420510554,0.7866028523231138,3,82.77965846061707,0.0010942102720583602
22,0.85,0.7829459317916327,0.7833878691225162,3,82.0876757144928,0.00044193733088349063
23,0.88,0.7796224787146887,0.7805957527476725,3,81.05465521812441,0.0009732740329837508
23,0.85,0.7743441192431809,0.7749488956022945,3,90.26692576408388,0.0006047763591136013
23,0.91,0.7736401133479759,0.7742845357426775,3,80.68474130630494,0.0006444223947016381
25,0.96,0.7705118043742438,0.7714032808803255,3,87.48487591743469,0.0008914765060816787
24,0.96,0.770153924680254,0.7710546233735461,3,84.49910197257995,0.0009006986932921235
24,0.95,0.7615937357839437,0.7628994099840487,3,84.65029420852662,0.001305674200104967
26,0.96,0.7426466623550658,0.7430397140263791,3,90.4450740337372,0.00039305167131331586
26,0.95,0.7268902378318536,0.7279357466410487,3,90.68600349426269,0.0010455088091950726
25,0.95,0.7230394619564583,0.7241523001440175,3,87.5074098110199,0.0011128381875592508
27,0.96,0.7220760254633654,0.7227459124882769,3,93.76480593681336,0.0006698870249115529
19,0.94,0.7172597599771808,0.7175289486347836,2,49.63998579978943,0.0002691886576027258
27,0.95,0.7128331535138879,0.713878896182044,3,94.1440638065338,0.0010457426681561577
19,0.95,0.71186771890898,0.7125635999671739,2,59.31891689300537,0.0006958810581938479
20,0.95,0.7056752607129264,0.7066131313995602,2,53.491516494750975,0.0009378706866337572
21,0.95,0.7041454815593081,0.7048235583470505,2,55.39267501831055,0.0006780767877423433
19,0.85,0.7033396013967012,0.7037146639516404,2,60.95218300819397,0.0003750625549392428
23,0.88,0.7005573241039853,0.7014056623244255,2,59.33910207748413,0.0008483382204401702
23,0.89,0.6999820462069275,0.7007607864836121,2,59.06372022628784,0.0007787402766845641
28,0.95,0.6998920525400308,0.7008186179195823,3,97.20318379402158,0.0009265653795514917
22,0.89,0.6994205093179786,0.7002715448378581,2,62.66268620491028,0.0008510355198795283
21,0.89,0.6987236577564138,0.6995992074947945,2,55.342467594146726,0.0008755497383807764
21,0.88,0.6987162989893344,0.6995651287061528,2,54.696242570877075,0.0008488297168184333
22,0.88,0.6986574762921516,0.6994832030670397,2,61.28727922439575,0.0008257267748881247
20,0.89,0.6981783951871458,0.699083716708025,2,52.37627010345459,0.0009053215208792986
19,0.89,0.6971493501897726,0.6977807773846333,2,50.76917815208435,0.0006314271948606454
23,0.93,0.6967120000073157,0.6975630619362422,2,59.79937801361084,0.0008510619289264776
22,0.93,0.6963515692455492,0.6970713449646644,2,60.25813159942627,0.0007197757191151899
23,0.87,0.696207940739521,0.6964402924946459,2,66.52712454795838,0.00023235175512492656
20,0.88,0.6960150316794114,0.6967091999967056,2,52.39084749221803,0.0006941683172941859
22,0.86,0.6957539805543451,0.6960160917848025,2,59.03583927154541,0.0002621112304573847
27,0.96,0.6955626310521891,0.6965898789569493,2,67.23946113586426,0.0010272479047602756
23,0.86,0.6952647428816897,0.6955724534713513,2,66.32662510871886,0.0003077105896616139
19,0.88,0.6952272809006529,0.6960888074028129,2,50.85307116508485,0.0008615265021599816
21,0.86,0.6950763997137065,0.6953412625323725,2,54.50078077316285,0.0002648628186660007
23,0.85,0.6948445710095427,0.6948901028348039,2,62.01847524642945,4.553182526123578e-05
23,0.9,0.6943847795968507,0.6951030750562469,2,59.17893600463867,0.0007182954593961677
20,0.93,0.6941897447707449,0.6952457213664398,2,52.069675397872935,0.0010559765956948963
22,0.87,0.6941052719643828,0.6943333323349075,2,59.20454106330872,0.0002280603705246964
23,0.96,0.6939000336958678,0.6948961811611125,2,59.485672664642344,0.000996147465244679
21,0.87,0.6936628815130119,0.6939292659997394,2,54.506187534332284,0.0002663844867274445
21,0.9,0.6933557687334941,0.6940270970822564,2,58.33330063819885,0.0006713283487622679
20,0.96,0.6931574830217389,0.6943140899524846,2,52.69490756988525,0.0011566069307457072
20,0.87,0.6931047561394351,0.6932877575551093,2,52.21460556983948,0.00018300141567417771
19,0.86,0.6929861993311313,0.6930195839139646,2,50.83849301338196,3.338458283330681e-05
21,0.93,0.6927840377303379,0.6936824874959802,2,58.72531342506411,0.0008984497656422397
21,0.96,0.6925367070733464,0.6936875214571563,2,54.84382886886597,0.0011508143838099283
22,0.9,0.692526530283355,0.693363657161687,2,61.332895803451535,0.0008371268783320396
24,0.96,0.6924951141947668,0.6935244304265583,2,61.00209369659424,0.0010293162317914772
19,0.96,0.692120291190936,0.6932411138230454,2,50.41876182556153,0.0011208226321094417
20,0.86,0.691667500583708,0.6917161126391794,2,52.20614881515503,4.861205547146419e-05
20,0.9,0.6905497340416206,0.6913267883595916,2,52.33293747901917,0.0007770543179710376
19,0.93,0.6899412906274772,0.690850593695834,2,50.32968645095825,0.0009093030683567926
19,0.87,0.6897580302736489,0.6898674580790404,2,50.62623629570008,0.00010942780539147101
19,0.9,0.686374103631185,0.6869578592060065,2,50.774109411239614,0.0005837555748214873
21,0.91,0.6859500573299951,0.6865397979479898,2,60.37382111549378,0.0005897406179946607
23,0.94,0.6856475134662144,0.6862065416933953,2,58.62542524337768,0.0005590282271809022
22,0.94,0.6851940024637253,0.6858116427485967,2,56.59732460975647,0.0006176402848714346
21,0.94,0.6848240248258706,0.6854454331408835,2,55.506148195266725,0.0006214083150128946
20,0.94,0.6834443636968701,0.6842115806409867,2,52.281601190567024,0.0007672169441166332
21,0.85,0.6828282432415624,0.683589187908553,2,55.04325923919678,0.000760944666990615
24,0.95,0.6825891913466277,0.6832385636349757,2,61.458740949630744,0.000649372288348049
23,0.92,0.6825595690949333,0.6832574290154458,2,59.14656763076782,0.0006978599205125224
19,0.91,0.6820154404483557,0.6825323573101582,2,50.71832609176636,0.0005169168618024411
20,0.91,0.6808846729547582,0.6814742657633619,2,52.32355880737305,0.0005895928086037117
22,0.92,0.6807894871024137,0.6815399033459068,2,61.62030758857727,0.000750416243493035
23,0.95,0.6795174297031347,0.6792452684156179,2,60.183123922348024,-0.00027216128751672564
21,0.92,0.6785606516800602,0.6794167842594465,2,58.96862120628357,0.0008561325793863261
20,0.92,0.6784296114357822,0.679044411006514,2,52.815307426452634,0.0006147995707318499
19,0.92,0.6781547536962904,0.6788033016331037,2,50.72789545059205,0.0006485479368132374
22,0.91,0.6777427110430094,0.6784367043000608,2,58.800999546051024,0.0006939932570513285
36,0.96,0.6764278380940025,0.6775366956177076,2,76.7850387096405,0.0011088575237050424
29,0.95,0.6762612289319601,0.677275600119153,3,100.04430503845215,0.0010143711871929417
35,0.96,0.6757559325881347,0.6768849802198227,2,75.54514555931091,0.0011290476316879738
33,0.96,0.6752373805727572,0.6763276469416509,2,74.36961674690247,0.0010902663688937553
28,0.96,0.6751526593671164,0.6761584620151085,3,96.80775618553162,0.0010058026479921045
31,0.96,0.6742290761098084,0.6752876801859665,2,72.09514064788819,0.0010586040761580984
29,0.96,0.6740368547334104,0.6751137119830104,2,70.63183393478394,0.0010768572496000495
30,0.96,0.674023042330791,0.6750673490684467,2,71.1332211971283,0.0010443067376556536
30,0.95,0.6739222250479295,0.6749692560620391,3,103.21043515205385,0.001047031014109523
23,0.91,0.6737237988537874,0.6742988126028999,2,59.19047951698303,0.0005750137491125074
28,0.96,0.6724017739945823,0.6733824503672313,2,69.23103160858155,0.0009806763726489809
40,0.96,0.6722424475751325,0.6734344725051983,2,78.10215811729431,0.0011920249300657604
43,0.96,0.6722424473727454,0.6734344721128134,2,79.76420974731445,0.001192024740067965
52,0.96,0.6722424473727454,0.6734344721128134,2,81.64971342086794,0.001192024740067965
51,0.96,0.6722424473727454,0.6734344721128134,2,80.18990626335145,0.001192024740067965
56,0.96,0.6722424473727454,0.6734344721128134,2,81.68602647781373,0.001192024740067965
42,0.96,0.6722424473727454,0.6734344721128134,2,78.98661780357361,0.001192024740067965
53,0.96,0.6722424473727454,0.6734344721128134,2,81.64667315483094,0.001192024740067965
41,0.96,0.6722424473727454,0.6734344721128134,2,79.66342272758484,0.001192024740067965
54,0.96,0.6722424473727454,0.6734344721128134,2,81.54819192886353,0.001192024740067965
57,0.96,0.6722424473727454,0.6734344721128134,2,82.30765385627747,0.001192024740067965
55,0.96,0.6722424473727454,0.6734344721128134,2,81.85182313919067,0.001192024740067965
49,0.96,0.6722424473727454,0.6734344721128134,2,80.5830650806427,0.001192024740067965
44,0.96,0.6722424473727454,0.6734344721128134,2,79.87352662086488,0.001192024740067965
48,0.96,0.6722424473727454,0.6734344721128134,2,80.23588433265688,0.001192024740067965
45,0.96,0.6722424473727454,0.6734344721128134,2,80.31961398124696,0.001192024740067965
50,0.96,0.6722424473727454,0.6734344721128134,2,80.34053087234497,0.001192024740067965
58,0.96,0.6722424473727454,0.6734344721128134,2,83.98947339057922,0.001192024740067965
47,0.96,0.6722424473727454,0.6734344721128134,2,80.34026737213135,0.001192024740067965
59,0.96,0.6722424473727454,0.6734344721128134,2,83.68237528800964,0.001192024740067965
46,0.96,0.6722424473727454,0.6734344721128134,2,80.49278635978699,0.001192024740067965
39,0.96,0.6722424470357866,0.6734344715605249,2,77.99807386398315,0.001192024524738322
29,0.96,0.6721413849688783,0.6729968827231808,3,100.39671545028686,0.0008554977543024922
37,0.96,0.671901574956423,0.6730952493278746,2,78.00321097373963,0.0011936743714515696
38,0.96,0.6719014149964547,0.6730947727614361,2,77.30196928977965,0.0011933577649814175
20,0.85,0.6716020602999423,0.6717466037648284,2,52.52811512947083,0.00014454346488612657
26,0.96,0.6711535635378393,0.6721138061486991,2,65.64940037727357,0.0009602426108598072
34,0.96,0.6711517697512928,0.6722946158470287,2,74.69370880126955,0.0011428460957358944
25,0.96,0.6705029248868513,0.6714967605940011,2,63.10666794776918,0.0009938357071498372
22,0.96,0.670349778079442,0.6715726235180286,2,57.65105123519898,0.0012228454385866394
32,0.96,0.6699437931942027,0.6710541180731208,2,73.13079414367675,0.0011103248789180453
22,0.85,0.6696428388914841,0.6698600683924948,2,60.2928466796875,0.00021722950101066285
38,0.95,0.66033812242097,0.6600227500510634,2,81.89113368988038,-0.0003153723699066413
40,0.95,0.66033812242097,0.6600227500510634,2,83.06072187423706,-0.0003153723699066413
36,0.95,0.66033812242097,0.6600226178658237,2,81.31885652542114,-0.0003155045551462843
37,0.95,0.66033812242097,0.6600227500510634,2,83.05905113220214,-0.0003153723699066413
39,0.95,0.66033812242097,0.6600227500510634,2,82.58695163726807,-0.0003153723699066413
35,0.95,0.6603365124069341,0.6600205778131614,2,79.74183893203734,-0.0003159345937727709
34,0.95,0.6598713538802747,0.659579422346139,2,78.45875520706177,-0.0002919315341357587
33,0.95,0.6595573947772845,0.6592854247121206,2,77.13183059692383,-0.00027197006516388456
32,0.95,0.6595004769914639,0.6592188823922746,2,75.72140607833862,-0.0002815945991893054
29,0.95,0.6592636616864425,0.6589779044272601,2,71.13470559120178,-0.00028575725918233985
30,0.95,0.6591062693911296,0.6588254806548768,2,72.99170813560484,-0.00028078873625281275
28,0.95,0.6587072833112626,0.6584438193190124,2,69.44622402191162,-0.00026346399225019024
31,0.95,0.6586979897893446,0.6583898217200511,2,74.5662398338318,-0.0003081680692934574
27,0.95,0.658374825540111,0.658137884957702,2,67.27144141197205,-0.0002369405824089732
26,0.95,0.6580881763466067,0.6578917240182607,2,65.3931312084198,-0.00019645232834597515
25,0.95,0.657928109109886,0.6576983455994481,2,63.75466532707215,-0.0002297635104379081
22,0.95,0.6575636793718682,0.6572896019594768,2,57.76676440238953,-0.0002740774123913825
30,0.96,0.6548601780806688,0.6558740644165688,3,102.77154469490051,0.0010138863359000494
49,0.95,0.6531389837400682,0.6529831839255016,2,87.9288489818573,-0.00015579981456659286
45,0.95,0.6528048816394098,0.6526607997255948,2,85.0165237903595,-0.00014408191381498625
46,0.95,0.6527847993857897,0.6526483150032657,2,86.26331577301025,-0.00013648438252400474
44,0.95,0.6527622617203501,0.6526200477569724,2,85.22331457138061,-0.0001422139633777686
42,0.95,0.6525708797580729,0.6524166723006856,2,83.78361620903016,-0.00015420745738736752
41,0.95,0.6525107451176059,0.6523630568393965,2,83.33473291397095,-0.00014768827820932362
43,0.95,0.6523791637652335,0.6521879826698557,2,84.15599775314331,-0.000191181095377857
59,0.95,0.6490385346033487,0.6489624328536285,2,91.9530680179596,-7.610174972016992e-05
57,0.95,0.6488022898625613,0.6487195599088398,2,91.895090341568,-8.272995372149428e-05
56,0.95,0.6487395707871145,0.6486811634230725,2,91.55171756744384,-5.840736404205682e-05
54,0.95,0.6486882967054548,0.648617736314255,2,90.63330712318421,-7.056039119979207e-05
52,0.95,0.6486704780016807,0.6486025378664527,2,88.1632878303528,-6.794013522792852e-05
55,0.95,0.648627084019073,0.6485472071080383,2,90.82191042900084,-7.987691103472638e-05
51,0.95,0.648607377798019,0.6485077114011577,2,87.69112820625305,-9.966639686131984e-05
50,0.95,0.6485513245224995,0.6484767222832986,2,87.24212441444395,-7.460223920097153e-05
53,0.95,0.6484757019498038,0.6483798147219805,2,90.13301515579224,-9.588722782327697e-05
47,0.95,0.6477212039322694,0.6476465478608746,2,86.28808460235595,-7.465607139478525e-05
48,0.95,0.6477135605262612,0.6476467588531625,2,86.30163140296936,-6.680167309869312e-05
58,0.95,0.6476466188714618,0.6476402654689238,2,104.35920739173888,-6.353402537961905e-06
32,0.96,0.6359145459279533,0.6363424156355985,3,108.95847578048706,0.00042786970764518983
31,0.95,0.6286414321069099,0.6300573265931068,3,106.02668657302857,0.0014158944861968337
32,0.95,0.6263062545475439,0.6277546412254139,3,109.09757170677184,0.0014483866778700616
31,0.96,0.6225328798526351,0.62389085502437,3,105.82107501029968,0.0013579751717349708
33,0.95,0.6096401010516651,0.6111951623450411,3,112.14376821517945,0.0015550612933760144
34,0.95,0.6027654498245725,0.6042375199090595,3,115.29147124290466,0.0014720700844870205
35,0.95,0.6019773343390231,0.6034741625598008,3,118.0520399570465,0.0014968282207776795
33,0.96,0.5994986451849861,0.600344315504335,3,111.88892841339113,0.0008456703193489012
34,0.96,0.5918564206819253,0.5927128693491593,3,114.8077409744263,0.0008564486672339999
35,0.96,0.5895590242998352,0.5904039041512823,3,118.26401319503785,0.0008448798514471001
36,0.95,0.5845747173524085,0.585870581398279,3,121.2428216457367,0.001295864045870454
37,0.95,0.5803821497549022,0.5815160287096894,3,126.03580703735352,0.0011338789547872263
38,0.95,0.5792333554439629,0.5805687496976228,3,127.08422307968142,0.0013353942536599162
39,0.95,0.5766891169909105,0.5780167886082591,3,129.77120218276977,0.0013276716173485914
37,0.96,0.5759604724793441,0.5766563828869279,3,124.31267313957214,0.0006959104075837663
36,0.96,0.5711475212282998,0.5720752740789956,3,122.79273352622984,0.0009277528506957955
40,0.95,0.5531586267024877,0.5540132380391066,3,132.96020908355712,0.0008546113366189045
41,0.95,0.5499527514248245,0.5508237445415227,3,135.6629889011383,0.0008709931166982487
38,0.96,0.5460751670078869,0.5468337971320023,3,126.8309637069702,0.000758630124115367
42,0.95,0.5438903966342461,0.5445661697121125,3,138.6635277748108,0.0006757730778663706
39,0.96,0.5358202820306088,0.5365905330860113,3,130.00695824623108,0.0007702510554025155
43,0.95,0.5235537177246037,0.5235595071445249,3,141.97249946594238,5.789419921242711e-06
44,0.95,0.5206234324861995,0.5206428456043044,3,144.17931685447692,1.9413118104938398e-05
45,0.95,0.5166184107952819,0.5166873759199412,3,147.17928047180175,6.89651246592593e-05
41,0.96,0.5133713674671597,0.5139694581567839,3,135.5556094646454,0.0005980906896241311
40,0.96,0.5115766230386265,0.5122681706274166,3,132.42713718414308,0.0006915475887900868
46,0.95,0.5034509672348298,0.5035448876154989,3,153.67612128257753,9.392038066902142e-05
47,0.95,0.4952290244488322,0.4953070878963277,3,152.70852184295651,7.80634474955022e-05
42,0.96,0.4904357929210773,0.4907819939645412,3,138.41289606094358,0.0003462010434638896
48,0.95,0.4875205064603401,0.4876991534059254,3,155.49019007682801,0.00017864694558528127
43,0.96,0.4872513616949419,0.4874377330893504,3,143.45910310745242,0.00018637139440852435
49,0.95,0.4862466036471574,0.4863952480878577,3,158.44433927536008,0.00014864444070034066
44,0.96,0.4840969342314954,0.4843391746907729,3,143.94645342826843,0.0002422404592775096
50,0.95,0.4812928404227597,0.4814316266128487,3,160.98118238449098,0.00013878619008900195
51,0.95,0.4748000415533654,0.4750427934375013,3,163.81140346527098,0.00024275188413586113
45,0.96,0.4690184685473147,0.4692030570118421,3,146.59551219940187,0.00018458846452740207
52,0.95,0.4668810644084306,0.466971889917709,3,166.8269323825836,9.082550927841382e-05
46,0.96,0.46402069164553,0.4642602288052962,3,150.22260437011718,0.00023953715976621215
47,0.96,0.4615855442676154,0.4616620812406838,3,152.19998755455018,7.653697306841956e-05
48,0.96,0.4596831048476426,0.4597918808283584,3,156.01694688796997,0.00010877598071584726
53,0.95,0.4564206304426959,0.4564528436064525,3,172.00600719451904,3.221316375662253e-05
55,0.95,0.4546445382084838,0.4547758992298071,3,177.24132299423218,0.0001313610213233285
49,0.96,0.4525110150013655,0.45257245340651603,3,158.09866518974303,6.143840515054899e-05
50,0.96,0.44042312593546384,0.44047589545028576,3,160.42146673202515,5.2769514821915386e-05
54,0.95,0.4390871158955065,0.4393779656276281,3,174.51518273353577,0.000290849732121623
51,0.96,0.4319545034995652,0.4318039461798796,3,163.16179852485658,-0.00015055731968560693
53,0.96,0.4318254315509925,0.4318842947711065,3,171.2394501209259,5.886322011400269e-05
54,0.96,0.43023828498030026,0.43046909665110056,3,174.03302507400514,0.00023081167080030163
52,0.96,0.4290453571413321,0.4292023923284455,3,169.02132787704468,0.00015703518711340791
55,0.96,0.4238215771944625,0.42390651477819546,3,177.21910743713383,8.493758373295801e-05
56,0.95,0.42215676199129737,0.4224842256745239,3,179.8695136070251,0.0003274636832265587
56,0.96,0.41009322208866816,0.4101542176335218,3,179.54518847465516,6.09955448536148e-05
57,0.96,0.403391922213031,0.40350689386225697,3,183.09151701927186,0.00011497164922597003
59,0.95,0.39841066103724615,0.3986226892568761,3,195.81504321098328,0.0002120282196299561
59,0.96,0.39710664719092187,0.3971610563498527,3,196.5187016487121,5.440915893084597e-05
57,0.95,0.39697590253833576,0.3970426319410197,3,183.1149827957153,6.672940268392935e-05
58,0.96,0.39664463685376095,0.3966489254047365,3,183.46473999023442,4.288550975561911e-06
58,0.95,0.3947388073842781,0.3955207436056343,3,207.82273659706115,0.0007819362213561942
