n_estimators,criterion,max_depth,test_score,train_score,fit_time
19,mse,2,0.7654064159484191,0.8002207703136601,[0.03640795 0.03270578 0.0315361  0.03223705 0.03243494]
19,mse,3,0.8125967947585204,0.8609859683247801,[0.04371881 0.04070711 0.03924084 0.03798676 0.03762197]
19,mse,4,0.8391068309639671,0.893873485660432,[0.04800892 0.04517674 0.04471493 0.04530215 0.04848385]
19,mse,5,0.8504420981359029,0.913127975746112,[0.05454612 0.05473709 0.05253506 0.05299401 0.05275679]
19,mae,2,0.7359708160289298,0.7627786064529427,[0.29503894 0.28540421 0.29307389 0.2950232  0.30830216]
19,mae,3,0.8069417076422573,0.8423812906628848,[0.42015409 0.40897322 0.40437889 0.40279293 0.39136195]
19,mae,4,0.8405437452616438,0.8909148442661303,[0.48905087 0.4681983  0.47095108 0.46662307 0.45422888]
19,mae,5,0.8531339832678227,0.9149257642842772,[0.53885317 0.5357089  0.51582789 0.5224638  0.5240469 ]
20,mse,2,0.7672787076181817,0.8004649798350988,[0.03810096 0.03514218 0.03585887 0.03675508 0.03541088]
20,mse,3,0.8130839527197304,0.8605337494680393,[0.04377007 0.04304004 0.04284716 0.0424912  0.04369688]
20,mse,4,0.8402329887226397,0.8938765287064239,[0.0526011  0.074507   0.05018401 0.04963493 0.04986811]
20,mse,5,0.8521094140115789,0.9132533055457962,[0.05697823 0.05531693 0.0561831  0.05712533 0.05538106]
20,mae,2,0.7356447136736314,0.7633487081831192,[0.31848598 0.31210208 0.29800177 0.30941081 0.31346893]
20,mae,3,0.8074957780805642,0.8422367490160761,[0.42804503 0.40709782 0.39711499 0.41301107 0.38655114]
20,mae,4,0.8405459770158761,0.8908038571021143,[0.52020907 0.48638964 0.49390912 0.49230194 0.46748495]
20,mae,5,0.8537545721822195,0.9148187373185394,[0.57546806 0.55827093 0.57990813 0.58372402 0.57166505]
21,mse,2,0.7671407529413968,0.8007201746819522,[0.04000401 0.03679419 0.03662896 0.03902578 0.03734994]
21,mse,3,0.8134383874551212,0.8620909900474725,[0.04554796 0.04544902 0.04516697 0.04380393 0.04503989]
21,mse,4,0.8408691070045856,0.8944592499818445,[0.05347896 0.05249    0.05265188 0.05310225 0.05305696]
21,mse,5,0.8517846918166262,0.9137176011178166,[0.06416082 0.06421208 0.06102514 0.06328607 0.06323409]
21,mae,2,0.7371571268587495,0.7640196446475975,[0.33208609 0.32942796 0.33236599 0.33921695 0.33481097]
21,mae,3,0.8078680433862709,0.8428908095744132,[0.44703484 0.45307279 0.42337513 0.43055725 0.40391397]
21,mae,4,0.8401706263520277,0.8911859586657245,[0.54387999 0.53916192 0.5272119  0.51023793 0.54075503]
21,mae,5,0.8541076174384203,0.915131355694088,[0.62654281 0.59396315 0.59223604 0.59014893 0.57886887]
22,mse,2,0.7672030579826924,0.8012608493385663,[0.04412103 0.04051995 0.03863811 0.03889203 0.04026914]
22,mse,3,0.8138681679016708,0.8621935124844429,[0.04831409 0.04872537 0.04701114 0.04727602 0.04697657]
22,mse,4,0.8406712544886409,0.8946548620393271,[0.05531907 0.05365181 0.05431199 0.05505395 0.05327892]
22,mse,5,0.8513752289628016,0.9137307364668896,[0.06481719 0.06420088 0.06542325 0.06304169 0.06335783]
22,mae,2,0.7378076120995051,0.764489121880841,[0.34476781 0.34084773 0.32660413 0.34416485 0.34236217]
22,mae,3,0.8085524851201459,0.8431492267780542,[0.46132708 0.44899511 0.44632983 0.45528197 0.44048786]
22,mae,4,0.8402287939165461,0.8914283733407311,[0.58474398 0.58343291 0.57700992 0.57052588 0.55024981]
22,mae,5,0.8540758615728622,0.9151850689283649,[0.66345501 0.64195418 0.61419106 0.60588598 0.59770179]
23,mse,2,0.7670572710956185,0.80080730109661,[0.04552722 0.04329991 0.04362297 0.044168   0.04224372]
23,mse,3,0.8136811880678507,0.8618846643408288,[0.05086112 0.05041313 0.04910803 0.04834485 0.04847813]
23,mse,4,0.8409278428068244,0.8946406825284823,[0.05749393 0.05683184 0.05733919 0.05672097 0.05568099]
23,mse,5,0.8513034369424621,0.9134748909187588,[0.06541705 0.06391406 0.06378102 0.06324911 0.06285095]
23,mae,2,0.7372914480335441,0.7651419434238935,[0.35946274 0.35173988 0.34346175 0.36753511 0.35805273]
23,mae,3,0.8083896841353783,0.8431355856009993,[0.49823999 0.47666311 0.50154901 0.49779892 0.46659899]
23,mae,4,0.8404325004574877,0.8914037933985632,[0.60735679 0.58527327 0.58663583 0.59594011 0.56916404]
23,mae,5,0.8544819184932659,0.9149964631859109,[0.65998602 0.64725709 0.63561487 0.64215517 0.61723018]
24,mse,2,0.7668941642938986,0.8005259761374217,[0.04479504 0.04226899 0.04402208 0.04228401 0.04197502]
24,mse,3,0.813683432173861,0.8621036083955022,[0.05473399 0.049968   0.05111027 0.05095792 0.05192995]
24,mse,4,0.8412274265282363,0.8947446053465471,[0.06178212 0.05849385 0.06024408 0.06005692 0.06020021]
24,mse,5,0.851513424925205,0.9135612177454562,[0.06859112 0.06710386 0.0667069  0.06609011 0.06652379]
24,mae,2,0.7366156195253731,0.7636614550494532,[0.38065815 0.37614512 0.36671209 0.3693769  0.35622597]
24,mae,3,0.8075692341426789,0.8425989616729211,[0.50124598 0.48073506 0.48886132 0.4903481  0.46443701]
24,mae,4,0.8394478782218371,0.8911106241533433,[0.60758924 0.58506489 0.587466   0.57103705 0.56362271]
24,mae,5,0.8532507870366141,0.9150348981198464,[0.68797207 0.66639113 0.66040707 0.66076326 0.62858796]
25,mse,2,0.7659649636180699,0.8002002681691465,[0.04499412 0.04067087 0.04060411 0.04488778 0.04092503]
25,mse,3,0.8124200724550641,0.8616446818104236,[0.05361104 0.05035901 0.04823208 0.04870915 0.05064011]
25,mse,4,0.8405081700865822,0.8947121527591346,[0.06328201 0.0571909  0.05923772 0.05681682 0.05710101]
25,mse,5,0.8520525583328397,0.9133964231759996,[0.07164478 0.06943917 0.07031322 0.06975698 0.06949687]
25,mae,2,0.73657602757634,0.7625432429022915,[0.37379503 0.36557078 0.37200785 0.39369392 0.38612604]
25,mae,3,0.8080237846605332,0.8421017398317237,[0.51160502 0.50503683 0.52171206 0.520468   0.49737215]
25,mae,4,0.8395382095930838,0.8909081491619754,[0.62048507 0.61473608 0.61738801 0.59646797 0.57889485]
25,mae,5,0.8531787679703119,0.9147435086088626,[0.71715617 0.70087004 0.68132925 0.6819911  0.65343499]
26,mse,2,0.7659075385148014,0.8003671339722432,[0.04716587 0.04680872 0.04562902 0.04606891 0.05108285]
26,mse,3,0.8121663547205479,0.8619365028818082,[0.05822015 0.05569506 0.055722   0.05479908 0.05623507]
26,mse,4,0.8404149536315426,0.8948990694960558,[0.06592202 0.0640142  0.06467605 0.06321216 0.06589103]
26,mse,5,0.8516119409673191,0.9137504408853074,[0.07365513 0.07375002 0.07170105 0.0739572  0.07291222]
26,mae,2,0.7364540687371424,0.7622465325564408,[0.40601611 0.39192486 0.39678168 0.40774226 0.39542198]
26,mae,3,0.8082808401276786,0.8425900350762294,[0.54705071 0.52626204 0.54508686 0.52916193 0.50525999]
26,mae,4,0.8397744564599519,0.8910724615756844,[0.67002201 0.63654304 0.62803721 0.62119508 0.60661292]
26,mae,5,0.8528885919707121,0.9148899774878252,[0.74218798 0.73080206 0.7078259  0.71406817 0.6790359 ]
27,mse,2,0.7661264410044785,0.8005181789841844,[0.04935503 0.04766321 0.04676294 0.04808688 0.04872489]
27,mse,3,0.8121698320807959,0.8618637595486959,[0.05977821 0.05704093 0.0561161  0.05750513 0.05913329]
27,mse,4,0.8410028717862156,0.8949249868839658,[0.06939983 0.06536794 0.06472898 0.06532478 0.06522107]
27,mse,5,0.8520515355879997,0.9138895819397422,[0.07533097 0.07645011 0.07386923 0.07439017 0.07403207]
27,mae,2,0.7367615110520529,0.7625141016806104,[0.42205811 0.40925717 0.40763307 0.42066193 0.39142108]
27,mae,3,0.8086129927003762,0.8429586881872886,[0.5633719  0.53468013 0.55697107 0.53211212 0.52315593]
27,mae,4,0.840243396783465,0.8915677275288371,[0.68475199 0.67012978 0.65054607 0.64787078 0.63020492]
27,mae,5,0.8531319430004132,0.9150418709513746,[0.7665627  0.75777912 0.73097706 0.74879503 0.70451093]
28,mse,2,0.766561675756775,0.8005538521746652,[0.05062723 0.04900098 0.0498817  0.04923224 0.049263  ]
28,mse,3,0.8124048953802372,0.8618288959790448,[0.06001306 0.06021404 0.06037402 0.05901289 0.05921292]
28,mse,4,0.8414914257727475,0.8948185537486528,[0.06858802 0.06879711 0.068578   0.06891012 0.068398  ]
28,mse,5,0.8521665228635849,0.9136505760828829,[0.07785201 0.07815504 0.07745194 0.07873893 0.07899284]
28,mae,2,0.7386715412476683,0.7636193583664689,[0.43565893 0.42042303 0.42529583 0.43041396 0.42125297]
28,mae,3,0.8088939569849523,0.8427016620124558,[0.58396316 0.56742287 0.56612897 0.56219101 0.53967786]
28,mae,4,0.8400917810976564,0.8914817031089385,[0.70699692 0.68850207 0.67457223 0.66428685 0.66134405]
28,mae,5,0.8527308330147634,0.9148848501792516,[0.79591274 0.78159213 0.7489481  0.76529598 0.743325  ]
29,mse,2,0.7668996737174856,0.8002872763816813,[0.05311894 0.05030918 0.05123687 0.04996705 0.05086899]
29,mse,3,0.8136703936747705,0.86222662308608,[0.06232405 0.05980706 0.06076431 0.06035089 0.05997801]
29,mse,4,0.8422467301848251,0.8950770949624449,[0.07336092 0.07045603 0.07047439 0.06977415 0.07119489]
29,mse,5,0.8529518390533639,0.913708887160866,[0.08032203 0.08100796 0.08604884 0.07989097 0.0796001 ]
29,mae,2,0.739261619544078,0.7634070076499198,[0.44855976 0.43661213 0.44613099 0.44338202 0.42865109]
29,mae,3,0.8091415294261244,0.8424809109892488,[0.60519195 0.58344507 0.59034991 0.5709908  0.56269217]
29,mae,4,0.8397511177670014,0.8914494787487348,[0.72449422 0.70763874 0.70506716 0.69749808 0.67133284]
29,mae,5,0.8524881184020979,0.9148621472230992,[0.81319809 0.81705809 0.78186679 0.78779697 0.76037192]
30,mse,2,0.7678128537301443,0.8010976731383067,[0.05529189 0.05400991 0.0587821  0.05237412 0.05248904]
30,mse,3,0.8135571295454359,0.8619123867985273,[0.06423402 0.06279516 0.06289911 0.06376314 0.06331301]
30,mse,4,0.8420869923755703,0.8949040083350454,[0.07508087 0.07287025 0.0733161  0.07244515 0.0737431 ]
30,mse,5,0.8533283431456027,0.9137225417345296,[0.08459306 0.08435106 0.08212495 0.08382201 0.08236814]
30,mae,2,0.7399648321299068,0.7638936442881509,[0.46985602 0.45204401 0.46018982 0.46355104 0.4547298 ]
30,mae,3,0.8095651678757504,0.8431170504834059,[0.62426639 0.59957576 0.60988092 0.59247398 0.60748696]
30,mae,4,0.8403173634713899,0.8914531478102834,[0.76271987 0.74326301 0.71028304 0.72691298 0.69751596]
30,mae,5,0.852993000681473,0.9150010852067804,[0.8429749  0.84379387 0.79692793 0.81013513 0.80074334]
31,mse,2,0.7681760668998662,0.8012475006477973,[0.058851   0.05314517 0.0545752  0.05298376 0.05284405]
31,mse,3,0.8128829799168548,0.8619009410296007,[0.06716704 0.06474328 0.06567931 0.06427598 0.06554604]
31,mse,4,0.8415695454512638,0.8949482503539,[0.07706618 0.07513595 0.07573795 0.07470274 0.07457995]
31,mse,5,0.8528634421308334,0.9139126946036156,[0.0868969  0.08694077 0.08555913 0.08599496 0.08676791]
31,mae,2,0.7387078212475576,0.7624067768787899,[0.48287892 0.46578789 0.47586894 0.46515512 0.45617676]
31,mae,3,0.809630498571928,0.8427031441020268,[0.64502883 0.62239265 0.62137794 0.61123681 0.59794998]
31,mae,4,0.8397172621426803,0.8913645059238033,[0.77105689 0.76611805 0.73723435 0.7357161  0.72467709]
31,mae,5,0.8525499783113057,0.915109160505304,[0.8751142  0.87574315 0.83132505 0.84466028 0.81268191]
32,mse,2,0.767906553085527,0.8011159013862026,[0.05739617 0.05669093 0.05616689 0.05559397 0.05646014]
32,mse,3,0.8133062835764454,0.8624512036389976,[0.0676837  0.06601191 0.06812596 0.06638622 0.06617808]
32,mse,4,0.8417929454803443,0.8951885357473188,[0.07952094 0.07867599 0.07804179 0.07731199 0.07718611]
32,mse,5,0.8531238667151033,0.9141723050950764,[0.08811688 0.08739209 0.0874989  0.08701897 0.08734107]
32,mae,2,0.7375942793012472,0.7618957432310132,[0.49724817 0.47738481 0.50373292 0.48835802 0.49508524]
32,mae,3,0.8097580599668742,0.8426187303891914,[0.67479897 0.64361191 0.64128494 0.63155389 0.62252307]
32,mae,4,0.8397582681382307,0.8917255445474543,[0.79452586 0.78701377 0.75376606 0.76562214 0.7410388 ]
32,mae,5,0.8527798144976165,0.9152179729069544,[0.89409304 0.90017605 0.85060501 0.86651015 0.83583498]
33,mse,2,0.7670767743905644,0.8011914619887616,[0.06029606 0.05715728 0.05714631 0.05682302 0.05668306]
33,mse,3,0.8128618205372786,0.8625942042316821,[0.07048106 0.06877327 0.06988573 0.06863499 0.06889391]
33,mse,4,0.8413049432729501,0.8952495434633196,[0.08237314 0.08237791 0.0793829  0.0810349  0.07982326]
33,mse,5,0.8526111057091776,0.9142285022307602,[0.09139204 0.09092712 0.08938503 0.08995891 0.09025669]
33,mae,2,0.7373668125910673,0.7612126334125401,[0.51185989 0.49311805 0.50232506 0.50168133 0.48021197]
33,mae,3,0.8092323291067263,0.8422192036309257,[0.682127   0.66616011 0.6574347  0.64424706 0.64074326]
33,mae,4,0.840154242487783,0.8920173846974239,[0.82560587 0.81979108 0.77708387 0.78453302 0.77249599]
33,mae,5,0.8524836580863437,0.9152930601866848,[0.9297359  0.92707419 0.87383389 0.89047384 0.86037302]
34,mse,2,0.7668147365043986,0.8015310531457184,[0.06018114 0.05779362 0.05898285 0.05842686 0.05846286]
34,mse,3,0.8126540692990106,0.8626906991127749,[0.07390809 0.07128096 0.07117105 0.07114601 0.07045197]
34,mse,4,0.8410127871185173,0.8954062316180307,[0.08371115 0.08327127 0.08283591 0.08264089 0.08189487]
34,mse,5,0.8524277368502462,0.9143263173827734,[0.09487891 0.09467506 0.09383225 0.09326792 0.09452319]
34,mae,2,0.7370956400610374,0.7614034022293167,[0.52604485 0.50636911 0.53354025 0.512187   0.49919891]
34,mae,3,0.8084438606733592,0.842437353503113,[0.71227813 0.69706178 0.67615986 0.68317413 0.65894675]
34,mae,4,0.8399502529995402,0.8920636184625079,[0.86434197 0.84292603 0.80003786 0.81278467 0.79842019]
34,mae,5,0.8532719402281508,0.9153744906642952,[0.95016885 0.95508194 0.91784501 0.92515874 0.89837098]
35,mse,2,0.7670171382862242,0.802076713334545,[0.06638598 0.06930017 0.06545401 0.06965113 0.06298423]
35,mse,3,0.8120053119343711,0.8626372013980269,[0.07592988 0.07341194 0.07385612 0.07178497 0.07330203]
35,mse,4,0.8401048292480423,0.8952969253264298,[0.08553314 0.08508587 0.08446789 0.08411098 0.08484912]
35,mse,5,0.8516262662137674,0.9141726600041368,[0.09692097 0.09806013 0.09842181 0.09704661 0.09542394]
35,mae,2,0.7375461064906522,0.7618100346028386,[0.54081893 0.51891208 0.53598309 0.51913476 0.51818776]
35,mae,3,0.8085800337956126,0.8428885064086018,[0.73417091 0.71454787 0.69893408 0.68484807 0.67598224]
35,mae,4,0.8394589723605905,0.8920803916630314,[0.8595531  0.86058307 0.81628895 0.83442211 0.81261182]
35,mae,5,0.8524514048909287,0.9154466605778,[0.98815227 0.98150086 0.93247104 0.95144892 0.92248988]
36,mse,2,0.7664993488707335,0.8019764250453371,[0.06592917 0.06747508 0.06534791 0.06249022 0.06313133]
36,mse,3,0.8120078432600406,0.8627170676143722,[0.07731009 0.07789302 0.07495618 0.07578588 0.07504797]
36,mse,4,0.8397314804261742,0.8954998717605129,[0.08782005 0.0874722  0.08718705 0.08746505 0.08630395]
36,mse,5,0.8519632550947887,0.9143839741948818,[0.10129499 0.10010195 0.10005999 0.09996605 0.09928203]
36,mae,2,0.7377914974332878,0.7627607166742767,[0.55722928 0.53744364 0.55733132 0.54662275 0.52381516]
36,mae,3,0.8087454694637378,0.8427204198488087,[0.736763   0.72844696 0.71421194 0.706604   0.72337675]
36,mae,4,0.8391350193389122,0.8919525071044081,[0.91730022 0.9024291  0.8585639  0.85855484 0.85568404]
36,mae,5,0.8522022708997566,0.9154886652398321,[1.00827098 1.01352692 0.95536017 0.98522592 0.95008826]
37,mse,2,0.7663650903464531,0.8019919039362413,[0.06698871 0.06400585 0.06411815 0.0653131  0.0640502 ]
37,mse,3,0.8119646886238719,0.8627445784492235,[0.07856607 0.07774162 0.07883787 0.07780099 0.07742882]
37,mse,4,0.8401476339606659,0.8954527917526507,[0.09740591 0.08957815 0.09040904 0.08979297 0.09644794]
37,mse,5,0.8519210782697286,0.914398138444016,[0.10266519 0.10082507 0.10556579 0.10232902 0.10180497]
37,mae,2,0.7380603837532591,0.7628714996933222,[0.60005212 0.55769801 0.57532883 0.56190705 0.54812503]
37,mae,3,0.8085218308835888,0.8425378311492724,[0.76499414 0.757828   0.74567914 0.73217297 0.72762489]
37,mae,4,0.8388213111417702,0.8919923613116778,[0.91887593 0.91428089 0.87344313 0.89281106 0.86818194]
37,mae,5,0.8518294446580649,0.9155173857826608,[1.03736806 1.0394249  0.99295402 1.00777292 0.98442173]
38,mse,2,0.7671118152425649,0.8023287840829191,[0.07035708 0.06815529 0.06775904 0.06727505 0.06763506]
38,mse,3,0.8112226388840125,0.8629163794168324,[0.08291101 0.08185506 0.08288097 0.08052206 0.08223987]
38,mse,4,0.8397004591648205,0.8953937915915777,[0.09547496 0.09395313 0.09420371 0.09215593 0.09463716]
38,mse,5,0.8518109006294481,0.9142915252296542,[0.10593104 0.10430813 0.10479021 0.10416508 0.10417795]
38,mae,2,0.7385838050546021,0.7632682896730032,[0.60005212 0.57954097 0.59077096 0.57411718 0.56175804]
38,mae,3,0.8077294284780752,0.8424345302445626,[0.78815007 0.77909994 0.76586962 0.76012993 0.75257301]
38,mae,4,0.8376497350222536,0.8921125663821006,[0.95146513 0.92802215 0.89798093 0.90367413 0.88449001]
38,mae,5,0.8510663664932678,0.9155937367002362,[1.05969381 1.06439495 1.01500797 1.04390216 1.01213789]
39,mse,2,0.7675202095882032,0.8028947513128563,[0.06950712 0.06870317 0.06959724 0.0680089  0.06970692]
39,mse,3,0.8117500046572985,0.8632243436818021,[0.08358383 0.08256817 0.08249617 0.08164597 0.08189106]
39,mse,4,0.8402949042043535,0.8954949133070411,[0.09882593 0.09796405 0.09714508 0.09443998 0.09630275]
39,mse,5,0.8524452311753209,0.9145003919256788,[0.10848784 0.10869503 0.1081531  0.10755205 0.10602784]
39,mae,2,0.7387241908781522,0.763133343965697,[0.60873008 0.58126116 0.59872603 0.57121301 0.57868886]
39,mae,3,0.8076598612546718,0.8429665888589566,[0.8106451  0.80117488 0.77360511 0.76327896 0.76563907]
39,mae,4,0.8376754067775837,0.8922156278610729,[0.96996999 0.97239709 0.923172   0.936553   0.91047788]
39,mae,5,0.851468031574379,0.915789752959046,[1.08862901 1.08871198 1.04584813 1.06481481 1.03958082]
40,mse,2,0.7680187442105537,0.8037302349272124,[0.07168984 0.07009268 0.07120514 0.07019424 0.07045293]
40,mse,3,0.81208623242522,0.8631583626342479,[0.08673906 0.084481   0.08259201 0.08271313 0.08357   ]
40,mse,4,0.8402303435352408,0.8953735387215909,[0.09848499 0.09999323 0.09691405 0.09820294 0.09717393]
40,mse,5,0.8523312212772151,0.9142956544832062,[0.10915399 0.11070514 0.10928917 0.11505413 0.11608887]
40,mae,2,0.7396939525393076,0.7642259437743063,[0.63820696 0.62034726 0.666996   0.65491104 0.62227798]
40,mae,3,0.8075988655474442,0.8431492426274805,[0.86619806 0.8545301  0.80214334 0.80928206 0.79812098]
40,mae,4,0.8372074836648091,0.8920256479980564,[1.0368619  1.17649198 1.03902888 1.05682826 0.9890759 ]
40,mae,5,0.8513323782289485,0.9157809669509059,[1.129457   1.13685393 1.06078005 1.07936096 1.04864192]
41,mse,2,0.7683492739245461,0.8036137005893403,[0.0889101  0.07723999 0.0758009  0.07797003 0.07963395]
41,mse,3,0.8117950737762275,0.8627983831399744,[0.0940187  0.09781814 0.09134078 0.09411359 0.08849216]
41,mse,4,0.8397773052187009,0.8952586117280437,[0.10551023 0.10243106 0.10008121 0.10913801 0.10505795]
41,mse,5,0.8517717468608413,0.914190553518868,[0.11252189 0.11851382 0.11407375 0.11142111 0.11180902]
41,mae,2,0.7389506552076904,0.7633043435995613,[0.65756488 0.63009405 0.62128901 0.59909511 0.60794091]
41,mae,3,0.8070155049520762,0.8426539316337063,[0.87348723 0.86647105 0.83217406 0.82063389 0.86704683]
41,mae,4,0.8370376098291358,0.8915388856234374,[1.04709911 1.0291121  0.97901273 0.98514581 0.98432493]
41,mae,5,0.850758295731562,0.9153076551745258,[1.14209604 1.14145494 1.08435822 1.10385299 1.08494687]
42,mse,2,0.76833768475104,0.8038644026702434,[0.07623219 0.0814569  0.07731628 0.074368   0.07582331]
42,mse,3,0.8120191322833257,0.8630304943628337,[0.09197378 0.09464192 0.0909791  0.08913898 0.08942199]
42,mse,4,0.8400476656361231,0.8954262645135314,[0.10467291 0.11552382 0.10388303 0.14086723 0.15414023]
42,mse,5,0.8522001057765639,0.9144052180674808,[0.11613393 0.11497808 0.11787605 0.11817408 0.1144588 ]
42,mae,2,0.7377876601711977,0.7622730037893299,[0.70811009 0.66705894 0.67427778 0.64782214 0.63460708]
42,mae,3,0.8068817330137135,0.8425663281745628,[0.89481497 0.87326598 0.83166695 0.83173013 0.81488681]
42,mae,4,0.8367108896851008,0.8914579726311528,[1.04227376 1.02671099 0.96930695 0.98063898 0.96221113]
42,mae,5,0.8509288663951139,0.9154030132970938,[1.17114496 1.17098808 1.11556101 1.14575291 1.18301272]
43,mse,2,0.7682768089917851,0.8036256014300296,[0.08145308 0.07685924 0.08277774 0.07491708 0.07469821]
43,mse,3,0.8119516602167526,0.8631408307970135,[0.09358978 0.09294987 0.09018588 0.08995128 0.08898687]
43,mse,4,0.83967106151495,0.8956157116314072,[0.10587811 0.10484791 0.10320115 0.10277891 0.10287118]
43,mse,5,0.8521999571495906,0.9145912751167066,[0.12538791 0.12052226 0.12328601 0.11826873 0.11957097]
43,mae,2,0.7387656938992968,0.7627597503090865,[0.67536187 0.6418128  0.65179014 0.62770009 0.61838102]
43,mae,3,0.8071429413346441,0.8424351443594688,[0.87953997 0.87315202 0.82837391 0.82911801 0.83185005]
43,mae,4,0.836962582730297,0.8916908791352419,[1.05406713 1.05265689 0.99309897 1.00106025 0.98640394]
43,mae,5,0.8510713585915749,0.9155146543847252,[1.23322582 1.19159293 1.14895582 1.16616297 1.13524508]
44,mse,2,0.7679455378368298,0.8035410336215723,[0.07948518 0.07651091 0.07458997 0.07493114 0.07557368]
44,mse,3,0.8115586714899541,0.8630414351792947,[0.09247899 0.09298086 0.09122515 0.09250617 0.09356213]
44,mse,4,0.8396659998343757,0.8956227359807516,[0.11078906 0.11034489 0.10829425 0.10876703 0.10778403]
44,mse,5,0.8516407515763443,0.9145145568430768,[0.12153912 0.12126899 0.12025189 0.12119865 0.11971402]
44,mae,2,0.7384358948648113,0.7625099033149405,[0.69073677 0.66806412 0.66831207 0.66151309 0.66164303]
44,mae,3,0.8062272225459802,0.8421278817670558,[0.92080522 0.92183089 0.89351702 0.87876081 0.89272785]
44,mae,4,0.8368810880985059,0.8914747856229616,[1.11206579 1.10477066 1.0864141  1.10915995 1.09133101]
44,mae,5,0.8509604126540131,0.9153451042603288,[1.24164605 1.23971319 1.1686008  1.18805289 1.15702105]
45,mse,2,0.7680100888158803,0.8038723619934585,[0.08228588 0.08547521 0.08304811 0.0834651  0.08351421]
45,mse,3,0.8113947804283294,0.8630838245303627,[0.10310888 0.10027003 0.09676003 0.09497404 0.09744406]
45,mse,4,0.8398605208915468,0.8955472263126903,[0.12121606 0.11461186 0.11050797 0.10964918 0.11020899]
45,mse,5,0.8521102498129236,0.9144858931544037,[0.12343979 0.1252048  0.12312293 0.12211609 0.12715697]
45,mae,2,0.7381153324790712,0.7618906050830391,[0.69658804 0.67473102 0.6876049  0.68890405 0.69495106]
45,mae,3,0.8056788791616384,0.8423295855478437,[0.97849393 0.96003604 0.89698315 0.90083194 0.90641713]
45,mae,4,0.8369084404099516,0.8914008001527784,[1.10530496 1.11570501 1.05592108 1.06990004 1.05319786]
45,mae,5,0.8511130079846883,0.915339513929692,[1.26324892 1.24166703 1.19915509 1.20702791 1.19046783]
46,mse,2,0.7674028877772953,0.8041482240495595,[0.08636594 0.0833478  0.08401704 0.08450603 0.08101511]
46,mse,3,0.812068757385842,0.8632735515975586,[0.1006887  0.0953269  0.09656119 0.09729409 0.09596181]
46,mse,4,0.8403447097231537,0.8955380629740297,[0.11431289 0.115659   0.11300302 0.11311221 0.11139297]
46,mse,5,0.8522067501024779,0.9145360097364056,[0.13257909 0.13128304 0.15123606 0.13090301 0.12084699]
46,mae,2,0.7379612127195793,0.7617108743448773,[0.717978   0.71367121 0.71570301 0.68888307 0.68406582]
46,mae,3,0.8062455441552044,0.8425486297296281,[0.95578313 0.95158505 0.97295117 0.97854519 0.91688919]
46,mae,4,0.8372776036918703,0.8914982775776286,[1.16629505 1.17869377 1.13973808 1.10133767 1.07358408]
46,mae,5,0.8512001128226665,0.9153902802766548,[1.31651306 1.29368186 1.24402785 1.27863598 1.23089504]
47,mse,2,0.7672540201167136,0.8040684532234696,[0.08467197 0.08256912 0.08186913 0.08267903 0.08053493]
47,mse,3,0.8121242227107432,0.8632825118343976,[0.10082316 0.09867692 0.09714985 0.09724998 0.10363579]
47,mse,4,0.8403970890676403,0.8955144564518196,[0.118613   0.11518097 0.11946011 0.11648631 0.12560582]
47,mse,5,0.85199331635447,0.9144514796743758,[0.13537216 0.12867808 0.12959504 0.13039327 0.13254714]
47,mae,2,0.737534015836942,0.7612517136010308,[0.72957611 0.72500992 0.70136189 0.70124197 0.68811202]
47,mae,3,0.8063282287192175,0.8423509764167711,[0.96457028 0.97101736 0.93161917 0.92989898 0.91782022]
47,mae,4,0.8373920367144454,0.8914524077686448,[1.16246796 1.15804267 1.12234211 1.12030005 1.09538984]
47,mae,5,0.8514003295376803,0.915356183837146,[1.31597281 1.30392098 1.26091218 1.28189588 1.2523098 ]
48,mse,2,0.7673660267054815,0.8046387913771988,[0.08603597 0.08422709 0.08313799 0.08340716 0.08402586]
48,mse,3,0.812201119830027,0.8634255285172199,[0.10300493 0.10168219 0.09977102 0.10044003 0.10033298]
48,mse,4,0.8403591169342075,0.8957352163068221,[0.11739111 0.11731911 0.11809993 0.11600685 0.11584187]
48,mse,5,0.8522737089926711,0.9146550566115024,[0.13902378 0.13238597 0.13079619 0.13318205 0.12724805]
48,mae,2,0.7377771036256136,0.7611663401217683,[0.73842311 0.73312521 0.72218513 0.70156693 0.70214868]
48,mae,3,0.8068402116406478,0.8425852337869649,[0.97775507 0.97472501 0.95135283 0.94021773 0.9323101 ]
48,mae,4,0.8377017601860984,0.8915627845485921,[1.20150399 1.18507004 1.14337516 1.15680814 1.12821507]
48,mae,5,0.8520937129545658,0.9154696434028778,[1.35033798 1.32957172 1.27340102 1.29871416 1.26241326]
49,mse,2,0.7669654687331899,0.8048001670297905,[0.08796906 0.08902121 0.08636284 0.08487177 0.08796906]
49,mse,3,0.8119969361619818,0.8632365230593806,[0.1054039  0.10291505 0.10170913 0.1013639  0.10115719]
49,mse,4,0.8401398592316198,0.8958232173964114,[0.12036562 0.11907721 0.11873102 0.11870909 0.11741304]
49,mse,5,0.8520939979685537,0.9147072949249754,[0.13529491 0.13632894 0.13369083 0.13500071 0.12941885]
49,mae,2,0.7374564649341985,0.7611141359977909,[0.75350904 0.75102592 0.73174286 0.72028875 0.71087313]
49,mae,3,0.8069108187393258,0.8429167088434475,[0.99292803 0.99734712 0.96318197 0.96087193 0.950418  ]
49,mae,4,0.8375554968130879,0.8914406073531298,[1.20448422 1.18846393 1.15114379 1.16407704 1.13919163]
49,mae,5,0.8522540011816918,0.9154088791423388,[1.38178992 1.36216378 1.30813694 1.3438549  1.30455995]
50,mse,2,0.7673762817698424,0.8047982273879122,[0.08798289 0.087327   0.08593202 0.08647084 0.08720708]
50,mse,3,0.8123403419533279,0.8631873833489229,[0.10621405 0.10427284 0.10431576 0.10280585 0.10372376]
50,mse,4,0.8405448613093768,0.8959057209554517,[0.12424517 0.12837768 0.12126708 0.12192416 0.11955905]
50,mse,5,0.8523781345552524,0.9147993610278142,[0.1406002  0.13709617 0.13617301 0.13732719 0.14028597]
50,mae,2,0.7379114020211645,0.7618093149983319,[0.76767778 0.76616907 0.73580074 0.74028111 0.72804594]
50,mae,3,0.8073088286553386,0.8431831104573171,[1.02107906 1.01256704 0.98485208 0.99667478 0.98257303]
50,mae,4,0.8379098578604838,0.8916984215623298,[1.22390795 1.22309399 1.18155289 1.18608379 1.16211891]
50,mae,5,0.8525097656879478,0.9154914345920392,[1.39702129 1.37687016 1.33699894 1.35634208 1.31682587]
51,mse,2,0.7674371220714458,0.8046202030814694,[0.08993196 0.09008884 0.08931994 0.08881378 0.08852768]
51,mse,3,0.8128197702667255,0.8631464489131087,[0.10916996 0.10826898 0.105551   0.10457993 0.10810089]
51,mse,4,0.8409398671243935,0.8959074194626409,[0.13029599 0.12665296 0.12480998 0.12846088 0.13816214]
51,mse,5,0.8524638563075685,0.9147397511405954,[0.14203    0.14780807 0.14139009 0.14176798 0.13369989]
51,mae,2,0.7386373958347079,0.7619900447244843,[0.79026508 0.77389479 0.76285505 0.74795818 0.74899411]
51,mae,3,0.8075795250673558,0.8432911401481031,[1.04257798 1.03815198 0.99846816 1.00004888 0.99131703]
51,mae,4,0.8383309176730428,0.8916451976342337,[1.25573516 1.24554825 1.19764423 1.223598   1.1995399 ]
51,mae,5,0.8526780847751463,0.9154286577475308,[1.43191767 1.40493107 1.35457206 1.37379479 1.34208608]
52,mse,2,0.7670779222558464,0.8043909730799145,[0.09216213 0.09060407 0.08845901 0.08822298 0.09011412]
52,mse,3,0.8128048669220859,0.8632037758017812,[0.11136007 0.11824203 0.1082499  0.10889316 0.10818791]
52,mse,4,0.8408487001376423,0.8958021327332994,[0.1280539  0.12623596 0.12522697 0.12694025 0.12342405]
52,mse,5,0.8523409932917648,0.9147361898875715,[0.14467883 0.14215517 0.14119697 0.1414659  0.1337049 ]
52,mae,2,0.7383046693558725,0.7618617105455148,[0.79515815 0.78909111 0.76728702 0.76224089 0.75615692]
52,mae,3,0.8078571232013207,0.8433407531337964,[1.05730629 1.05909419 1.1576221  1.18581414 1.16192675]
52,mae,4,0.8383892226371434,0.8914849773991985,[1.322752   1.29874301 1.26398277 1.27957511 1.26434302]
52,mae,5,0.8525440661321078,0.915353526416922,[1.48976612 1.49768901 1.43486929 1.42826176 1.3768189 ]
53,mse,2,0.766935882086984,0.8043588140238673,[0.09234929 0.09365416 0.09208298 0.091362   0.09117818]
53,mse,3,0.8130353717332923,0.8633364955417859,[0.11276197 0.11232209 0.11107993 0.10969067 0.10979891]
53,mse,4,0.8410086161383074,0.8959703117377231,[0.13010001 0.12873912 0.12767982 0.128407   0.12700915]
53,mse,5,0.8524151969776869,0.9148188884412868,[0.14856005 0.1458571  0.14505601 0.14535236 0.13416886]
53,mae,2,0.7382700630726725,0.7618405216838001,[0.81007504 0.80910778 0.7860868  0.77519298 0.76904702]
53,mae,3,0.8081595731146484,0.8432456293742397,[1.0696981  1.07204986 1.03598118 1.04209018 1.02901721]
53,mae,4,0.8384809975177407,0.8916331017303966,[1.30560803 1.28627706 1.26012802 1.26224709 1.24382687]
53,mae,5,0.8527646813634595,0.9154251757610029,[1.49871898 1.49049878 1.40900397 1.46392798 1.41339922]
54,mse,2,0.7666707934151195,0.8041134123379425,[0.0962348  0.09417796 0.09552479 0.09331799 0.09370708]
54,mse,3,0.8128318315166464,0.8635358493656125,[0.11450601 0.11224198 0.11107087 0.10976624 0.11074209]
54,mse,4,0.841143635802678,0.8960423903745566,[0.13237619 0.12972021 0.12997103 0.13068199 0.12343383]
54,mse,5,0.8524807574782777,0.9149398085984156,[0.14895678 0.14704895 0.14766431 0.14698792 0.14922905]
54,mae,2,0.7381342769003865,0.7615109555751642,[0.83010316 0.82252884 0.81381226 0.90485001 0.85520601]
54,mae,3,0.8078361526369169,0.8432194375251661,[1.10220504 1.12397814 1.06530404 1.06112313 1.04593396]
54,mae,4,0.8381124439189008,0.8915481091054767,[1.33187008 1.32787204 1.27148008 1.28252578 1.26400614]
54,mae,5,0.8525290313768362,0.9155779046572736,[1.52396989 1.4833281  1.43944669 1.4567039  1.43262601]
55,mse,2,0.7672021770324209,0.8042420232573008,[0.09999275 0.09537721 0.09718084 0.09428    0.09657383]
55,mse,3,0.8130060289369047,0.8636839453223141,[0.11512089 0.11489511 0.11352873 0.11412501 0.11440301]
55,mse,4,0.8409662114139298,0.8961716824560559,[0.13338518 0.13190484 0.13250589 0.1345048  0.12774897]
55,mse,5,0.852437680650252,0.9151512084351724,[0.15355492 0.15208602 0.15020204 0.14961195 0.13870907]
55,mae,2,0.7383894614080199,0.7618352670870931,[0.85273075 0.83887911 0.81224489 0.80701399 0.79841495]
55,mae,3,0.8081177602591442,0.8433270248248335,[1.10883713 1.11822987 1.07354116 1.07429886 1.07903695]
55,mae,4,0.8380122968921688,0.8918532559955314,[1.35844612 1.33474422 1.318748   1.32266903 1.304353  ]
55,mae,5,0.8527850436843323,0.9158507541961898,[1.56039762 1.51889467 1.46955395 1.50843477 1.45981002]
56,mse,2,0.7671428987157652,0.8041413260398415,[0.09889269 0.09716105 0.09884787 0.09692883 0.09756494]
56,mse,3,0.8130994845995427,0.8637198998687546,[0.11851501 0.11923671 0.11733985 0.11629701 0.116395  ]
56,mse,4,0.8407644936548826,0.8962169172084163,[0.1353662  0.13730288 0.13861704 0.13597012 0.13581204]
56,mse,5,0.8521074495509087,0.9152186269395548,[0.15490198 0.15318513 0.154006   0.15328979 0.1498661 ]
56,mae,2,0.7378826834631627,0.7614664428967084,[0.85886002 0.85689807 0.83461213 0.8237021  0.84522605]
56,mae,3,0.807535784921221,0.8431457635162267,[1.14486098 1.14367199 1.09678197 1.096138   1.09616208]
56,mae,4,0.8376666993772496,0.8917045065256103,[1.4165833  1.34635496 1.32241082 1.32459211 1.31852198]
56,mae,5,0.8524493168212717,0.9157854953272568,[1.56482005 1.54186225 1.48549676 1.5107789  1.47389698]
57,mse,2,0.7667424881193771,0.8040182172016721,[0.09983182 0.09616828 0.09726214 0.0979352  0.09787202]
57,mse,3,0.8130784203201632,0.8637189721666031,[0.12064123 0.11765289 0.11741209 0.11761498 0.11574101]
57,mse,4,0.8406804905482239,0.8961926959771798,[0.13996291 0.13650298 0.135952   0.1372242  0.1303041 ]
57,mse,5,0.8520655843071603,0.9152178879484438,[0.15731883 0.15637112 0.1564281  0.15841508 0.14829111]
57,mae,2,0.7371256602694991,0.7614482634537809,[0.86747599 0.87491822 0.84148788 0.83144617 0.83279705]
57,mae,3,0.8069842047353545,0.842922504507124,[1.15542769 1.14979696 1.12405205 1.11789989 1.11113596]
57,mae,4,0.8376551375244923,0.8917302398197531,[1.40971088 1.39284992 1.37431717 1.35067487 1.33350992]
57,mae,5,0.8524485952520887,0.915829252203332,[1.60045218 1.56642675 1.50252485 1.55234098 1.50076485]
58,mse,2,0.7669734699111788,0.8039851852342661,[0.10120988 0.09888697 0.10067797 0.09933591 0.09932899]
58,mse,3,0.8132617881180313,0.863995020678086,[0.11984086 0.11985111 0.12013197 0.11951709 0.11853004]
58,mse,4,0.8408898964881928,0.8962611189917655,[0.14222026 0.14018893 0.13857818 0.13790107 0.13480973]
58,mse,5,0.8525063700707658,0.9152176151035344,[0.15828514 0.15765405 0.15565705 0.15914679 0.14817214]
58,mae,2,0.7368633684407095,0.7615840422693685,[0.87949395 0.88282895 0.85692501 0.85009217 0.84471703]
58,mae,3,0.8068801925588256,0.8433308012930363,[1.18843412 1.18053317 1.13354325 1.13708496 1.13461423]
58,mae,4,0.8374557911195476,0.8919385821561855,[1.44285798 1.40216708 1.36071801 1.38191986 1.35392737]
58,mae,5,0.8521827473149124,0.9158575036767715,[1.61880279 1.607306   1.53723812 1.58956289 1.53100896]
59,mse,2,0.7669769775793436,0.8043883609445238,[0.10261989 0.10179496 0.10024118 0.102175   0.10058069]
59,mse,3,0.8131838069212292,0.8644894593532717,[0.12311101 0.12164307 0.12126803 0.12219095 0.11993599]
59,mse,4,0.8405577773679946,0.8964320143940927,[0.14688015 0.14296913 0.14194083 0.14130306 0.13632512]
59,mse,5,0.8523531161149297,0.9153533518381644,[0.16302896 0.16002297 0.16253495 0.15523195 0.14794803]
59,mae,2,0.7372876287721353,0.7618172794333499,[0.89895391 0.89304304 0.88357091 0.86803675 0.85751605]
59,mae,3,0.8067765799988829,0.8436149063444937,[1.20646715 1.19082499 1.15065217 1.15634322 1.14481091]
59,mae,4,0.8373146679645493,0.8921453126564097,[1.46692801 1.43186307 1.38552594 1.39701295 1.38186693]
59,mae,5,0.8519296567317566,0.9159494557530922,[1.65170407 1.62026906 1.5587883  1.59173894 1.55888104]
60,mse,2,0.7671391785020981,0.8046298981157236,[0.10584021 0.10371995 0.10204506 0.10184407 0.10349274]
60,mse,3,0.8135740471338533,0.8645174278469199,[0.12709308 0.12519598 0.12452984 0.12452722 0.12583709]
60,mse,4,0.8409195782194903,0.8964282734519756,[0.14549685 0.1470449  0.14826703 0.1459651  0.13383985]
60,mse,5,0.8523269325490244,0.915240686400764,[0.16874862 0.16354895 0.16416621 0.16284275 0.15367913]
60,mae,2,0.737353715251835,0.7615380633737375,[0.91658115 0.91429567 0.87838793 0.87564588 0.87344408]
60,mae,3,0.8068658393549837,0.8436980631831874,[1.2164731  1.20212197 1.17193604 1.18253708 1.16336679]
60,mae,4,0.8372652189448921,0.8922028724132902,[1.47351289 1.45334601 1.40582085 1.42624903 1.39043903]
60,mae,5,0.8520291889126739,0.9159380738694636,[1.6843338  1.64088702 1.58612609 1.62547588 1.57579899]
61,mse,2,0.7664763368719035,0.8046798053769386,[0.106251   0.10398817 0.10491323 0.10351467 0.10405993]
61,mse,3,0.8137740773226529,0.8646093473952534,[0.12828922 0.12637401 0.12480688 0.12603402 0.12139511]
61,mse,4,0.8411043575483184,0.8965111150716345,[0.14942694 0.1477809  0.14699697 0.14681482 0.13900208]
61,mse,5,0.8522656423797607,0.9153636898471896,[0.16875982 0.17248011 0.16578293 0.15900493 0.159554  ]
61,mae,2,0.7370216768467136,0.7614635265135761,[0.92683816 0.9242239  0.89998388 0.90009689 0.89106417]
61,mae,3,0.8070639849012287,0.8439172305501919,[1.24259806 1.22362804 1.20008874 1.1974647  1.19019604]
61,mae,4,0.8378106754568486,0.892507073872953,[1.49924612 1.47245002 1.45044899 1.44940209 1.42089796]
61,mae,5,0.8522762086368567,0.916116068455982,[1.74229717 1.68074322 1.64090872 1.6638391  1.6372242 ]
62,mse,2,0.7668692986156888,0.8049268943253303,[0.10861301 0.10636091 0.10725808 0.10838795 0.10650301]
62,mse,3,0.8141392812598637,0.8645186834518022,[0.1308639  0.12982297 0.1279211  0.12697816 0.12209892]
62,mse,4,0.8409553996943234,0.8964887610883963,[0.1520679  0.14855218 0.14842319 0.14870191 0.1375339 ]
62,mse,5,0.8524711198080734,0.9153503015969104,[0.16921186 0.17038107 0.17165589 0.16440392 0.16769886]
62,mae,2,0.7372173061402819,0.7619533500124358,[0.94930196 0.95910716 0.91296101 0.91023803 0.91830301]
62,mae,3,0.8070674255230242,0.8440138005307829,[1.26269007 1.25427294 1.20980191 1.2223649  1.20955825]
62,mae,4,0.8380268417371053,0.8926093384606606,[1.52684593 1.49139595 1.46040606 1.47460771 1.44359899]
62,mae,5,0.8523747471152594,0.9162007714537108,[1.73861408 1.70628405 1.64412284 1.68977594 1.6395812 ]
63,mse,2,0.7664784362517754,0.8051751983441445,[0.11082077 0.10787511 0.10947323 0.10992265 0.10991001]
63,mse,3,0.814334858044727,0.8647491549232376,[0.13289332 0.13079977 0.13032508 0.12996507 0.12412691]
63,mse,4,0.8413483200465753,0.8967092473256354,[0.15210867 0.15056515 0.15163898 0.15118289 0.14332008]
63,mse,5,0.8527779890194992,0.9155687994710314,[0.173733   0.17111397 0.17351818 0.16722584 0.161268  ]
63,mae,2,0.7371494585881451,0.7623941559054811,[0.96289611 0.9593389  0.92455602 0.92300105 0.91569209]
63,mae,3,0.8073758724286939,0.8440908286535315,[1.27609181 1.26290011 1.22361708 1.23415303 1.22864413]
63,mae,4,0.8383028603340812,0.8927358859939829,[1.56393766 1.52534604 1.49407005 1.50576091 1.47537827]
63,mae,5,0.8527129672717031,0.9163102305199446,[1.76010871 1.72459197 1.67589521 1.70283699 1.65962887]
64,mse,2,0.7665790750281465,0.8050907859822765,[0.11072683 0.10974407 0.10917521 0.10976887 0.10970759]
64,mse,3,0.8145840585714705,0.8646547928147695,[0.13542485 0.13364506 0.13082695 0.13132596 0.12715411]
64,mse,4,0.8415866170955677,0.8968234468816547,[0.15660501 0.15439796 0.15446019 0.15237999 0.14081693]
64,mse,5,0.8528301529075343,0.9156191718720637,[0.1780591  0.17632985 0.17657399 0.17576313 0.16091394]
64,mae,2,0.7373623714716364,0.7625036146703319,[0.97673297 0.96948099 0.93724513 0.93816304 0.94680285]
64,mae,3,0.8076810340681695,0.8439782828531002,[1.30520082 1.27754378 1.24881387 1.26847625 1.2416358 ]
64,mae,4,0.8384112891999262,0.8926602972750244,[1.57421088 1.53015113 1.51210809 1.51205802 1.49602413]
64,mae,5,0.8528055030050247,0.9162706599351262,[1.79014897 1.74500585 1.69301796 1.72924209 1.68711114]
65,mse,2,0.7671755557287837,0.8054893375581098,[0.11261487 0.11351895 0.11253023 0.11144805 0.11189008]
65,mse,3,0.8145814324719242,0.8646272152143247,[0.13563609 0.13462591 0.13293505 0.13564897 0.12836289]
65,mse,4,0.8412868497050298,0.8967636865773722,[0.15921998 0.15902901 0.158427   0.15536475 0.14736485]
65,mse,5,0.8528379649826003,0.9156113375741076,[0.18274903 0.17498899 0.18252802 0.17156816 0.16396594]
65,mae,2,0.7385035850299441,0.7637261177645531,[0.98015594 0.98798013 0.95231485 0.951159   0.94547391]
65,mae,3,0.8076841294820675,0.8443462440588643,[1.32905698 1.29807591 1.26791406 1.27570796 1.25876617]
65,mae,4,0.8388694057353089,0.8927924238420868,[1.59193015 1.57070398 1.53111291 1.53947091 1.52233195]
65,mae,5,0.8532209549253341,0.9163657020773368,[1.8082571  1.772964   1.72157502 1.75658011 1.71419716]
66,mse,2,0.7668505331775126,0.8053276635334846,[0.11525178 0.11494899 0.1135509  0.11189818 0.114609  ]
66,mse,3,0.8145535760420743,0.8649401638783972,[0.13821077 0.13762188 0.14214993 0.13615417 0.12946081]
66,mse,4,0.8412246445852719,0.8969398456499104,[0.1582737  0.16049576 0.15949678 0.15764499 0.14851308]
66,mse,5,0.8529146351855863,0.9157580659134386,[0.18520498 0.1818881  0.18389511 0.17140079 0.17056704]
66,mae,2,0.7388211569450059,0.7636428539500588,[1.01089478 1.03399897 0.97667813 0.97096515 0.96670389]
66,mae,3,0.8076706489099441,0.8443821299277147,[1.34274626 1.32706594 1.29355073 1.29546237 1.29197097]
66,mae,4,0.8386592759647111,0.8930364047165888,[1.63316202 1.59646487 1.53996587 1.57477713 1.53030205]
66,mae,5,0.8532404847742011,0.916487079508778,[1.8329339  1.80721092 1.75458789 1.82199097 1.76270628]
67,mse,2,0.7671681311193115,0.8056549558311735,[0.1173861  0.11537981 0.11511183 0.11507273 0.11551595]
67,mse,3,0.8144781117673915,0.8649906647602588,[0.13893294 0.13928604 0.1408267  0.13745689 0.13441515]
67,mse,4,0.8412956296169909,0.8970120030564243,[0.16342402 0.16180921 0.16130996 0.15863991 0.15025306]
67,mse,5,0.8529211235512669,0.9158006214450444,[0.18549514 0.18387675 0.18336201 0.17802286 0.17124414]
67,mae,2,0.7389091831021551,0.7635788037724989,[1.01831603 1.01934505 0.98761392 0.98552394 0.98033404]
67,mae,3,0.8079162125388649,0.8443565067205006,[1.37297416 1.34419584 1.32009196 1.31350708 1.32515907]
67,mae,4,0.8388050242426844,0.8931582317339212,[1.65299702 1.61748481 1.59420228 1.6360898  1.56485915]
67,mae,5,0.8533372310134919,0.9166185112729708,[1.88216305 1.92293715 1.83531785 1.84678507 1.78306699]
68,mse,2,0.7671743598177856,0.8056707250204813,[0.11848378 0.11858892 0.11925197 0.11754489 0.11749411]
68,mse,3,0.8145102481477204,0.8648280514755923,[0.14255619 0.14124894 0.14139605 0.14093494 0.13293219]
68,mse,4,0.8413526361659855,0.8969475989861626,[0.1675148  0.16511798 0.1657021  0.15860415 0.15103698]
68,mse,5,0.8530769535549456,0.915653039538044,[0.18765593 0.18717217 0.187567   0.17523813 0.17117023]
68,mae,2,0.7388520129052752,0.7638402481194823,[1.04074502 1.02799606 1.01249385 1.00708771 0.99995804]
68,mae,3,0.8079625124115479,0.8444468728785097,[1.41180015 1.35275817 1.33946705 1.33397293 1.31995177]
68,mae,4,0.8389141447791169,0.8931512775032407,[1.66664696 1.63084412 1.59057903 1.605762   1.58697701]
68,mae,5,0.8534093582998936,0.9165473960494968,[1.91214371 1.88181496 1.82549191 1.84697485 1.78861094]
69,mse,2,0.7670806702571935,0.8055466046462195,[0.11934614 0.11999702 0.11830783 0.11770606 0.11661983]
69,mse,3,0.8143573689298199,0.8648140563894652,[0.14391708 0.14371991 0.13987303 0.14330006 0.13358688]
69,mse,4,0.8412944954906566,0.897019097213062,[0.17059994 0.17035389 0.16837621 0.15985823 0.15708995]
69,mse,5,0.8529209627414165,0.915686246440118,[0.18964982 0.18751693 0.18709493 0.17838001 0.17774487]
69,mae,2,0.7387795030391634,0.7635667012160822,[1.0515101  1.04726815 1.01628375 1.02164197 1.00459218]
69,mae,3,0.8079232068926689,0.8443795606424903,[1.42247701 1.40315604 1.35194898 1.35480428 1.35539913]
69,mae,4,0.8386494569411415,0.8930824729502709,[1.69424796 1.65076399 1.61974001 1.63573718 1.60239601]
69,mae,5,0.8533592749880988,0.9165318214845006,[1.92014003 1.87943506 1.83078599 1.86352396 1.81501484]
70,mse,2,0.7671029719542898,0.8055246818964804,[0.12088394 0.12095594 0.11987495 0.12070918 0.12006402]
70,mse,3,0.814389382458072,0.8650012268515169,[0.14645791 0.14488196 0.144521   0.15085602 0.13341904]
70,mse,4,0.8416031872791396,0.8970765359826857,[0.16851616 0.16983795 0.16932201 0.16352296 0.16153193]
70,mse,5,0.8529591471645542,0.9157298260056709,[0.19225907 0.19038892 0.19100308 0.17836118 0.18109298]
70,mae,2,0.7390222864047591,0.7636583996016777,[1.06558084 1.05335188 1.03522325 1.03080797 1.0219028 ]
70,mae,3,0.8079760296780283,0.8444960929862008,[1.41602993 1.39102507 1.369766   1.37041688 1.35424685]
70,mae,4,0.8387465979876791,0.8932025725791137,[1.71598697 1.6709168  1.63690495 1.66809797 1.63225412]
70,mae,5,0.8534140829485162,0.9165273475086042,[1.9470191  1.90717125 1.85295725 1.88878417 1.8405242 ]
71,mse,2,0.7667820475668435,0.8053668759581871,[0.122123   0.122015   0.12137985 0.12081218 0.11836386]
71,mse,3,0.8143430358976327,0.8649382998362874,[0.14754486 0.14570594 0.1445539  0.14635491 0.13831401]
71,mse,4,0.8416334132759289,0.8970754373399135,[0.17411494 0.17218804 0.16932178 0.16356969 0.15896606]
71,mse,5,0.8530855731436748,0.9157447518909224,[0.19695115 0.2079072  0.19215989 0.18489075 0.18125796]
71,mae,2,0.7388251158248331,0.7632603220931821,[1.06906891 1.09106135 1.05316019 1.05067801 1.0407927 ]
71,mae,3,0.8080953165351769,0.8443632841544728,[1.4453721  1.41220903 1.38335896 1.38384581 1.37956572]
71,mae,4,0.8387134381485168,0.8932257030696675,[1.75754499 1.70360923 1.67898703 1.67919087 1.66176486]
71,mae,5,0.8534455119943966,0.9166305036976846,[1.96691799 1.93109775 1.88181233 1.91691899 1.87906218]
72,mse,2,0.7669970298188753,0.8053460416774554,[0.124681   0.12315226 0.12346792 0.12523794 0.12089872]
72,mse,3,0.8143741752032142,0.8649536725095002,[0.15280604 0.14825511 0.1475327  0.14630985 0.14098692]
72,mse,4,0.8415923022915704,0.8971494450239985,[0.17713308 0.17373419 0.17104983 0.16311717 0.15995002]
72,mse,5,0.8531248567494287,0.9158214928844376,[0.19916701 0.1983521  0.19709706 0.18849397 0.18227601]
72,mae,2,0.7383165609547084,0.762934510587086,[1.08845997 1.0860889  1.05913901 1.05355906 1.05474615]
72,mae,3,0.8082381940653859,0.84434752148648,[1.4653759  1.42502117 1.42011189 1.4105401  1.403301  ]
72,mae,4,0.8387068719269319,0.8932855699691438,[1.76801419 1.72336316 1.68154597 1.70609164 1.66977406]
72,mae,5,0.8534100426902823,0.916638560509022,[1.99903107 1.97187805 1.91132188 1.95784283 1.89015222]
73,mse,2,0.7668102599462839,0.8054639140448799,[0.12611413 0.12568402 0.12626505 0.12451291 0.12080503]
73,mse,3,0.8146721753557504,0.8651418889657124,[0.15080094 0.15002894 0.14848399 0.14881587 0.1419661 ]
73,mse,4,0.8419092245678922,0.8971464680368557,[0.17783403 0.17644811 0.17760491 0.16927218 0.16468883]
73,mse,5,0.8536413759530701,0.9158391518013383,[0.20135617 0.19751716 0.19741607 0.20311594 0.19652009]
73,mae,2,0.7379933233034246,0.7626772888648881,[1.11546612 1.11072373 1.06527996 1.07168007 1.0603931 ]
73,mae,3,0.8083558613271858,0.8444960824684167,[1.48950696 1.44639683 1.42154717 1.44222212 1.42009306]
73,mae,4,0.8387196339408923,0.8933264707677842,[1.79200506 1.76277399 1.71231723 1.72357821 1.708565  ]
73,mae,5,0.8537635892206843,0.9166739306125844,[2.01890016 2.00064492 1.93210101 1.98022771 1.91556573]
74,mse,2,0.7670453696353143,0.8057345159500686,[0.1286881  0.12772012 0.12632585 0.12745214 0.12304997]
74,mse,3,0.814639644441549,0.8653943716245628,[0.15237975 0.15225601 0.15302992 0.151577   0.14193583]
74,mse,4,0.841853012507095,0.8971768646111062,[0.17973518 0.17619085 0.17481709 0.1695869  0.16570282]
74,mse,5,0.8536132591448176,0.915854688027365,[0.20457888 0.2026422  0.20164418 0.19033909 0.18755817]
74,mae,2,0.7387662407539375,0.7636285366929132,[1.11877298 1.11853218 1.08262587 1.07819986 1.07195878]
74,mae,3,0.8082860781334974,0.8448083084829621,[1.50124383 1.46198106 1.43674803 1.44874382 1.43314791]
74,mae,4,0.8390374627231608,0.8935265307334171,[1.81367874 1.7732482  1.73667693 1.74772906 1.71939611]
74,mae,5,0.8538323825522898,0.9167992252425896,[2.04846716 2.011415   1.95127177 1.99446797 1.94614911]
75,mse,2,0.7674892624060534,0.8058850049322605,[0.13175225 0.12862206 0.12943673 0.12904096 0.12931895]
75,mse,3,0.8144996429646281,0.8654910265082864,[0.15629983 0.15741682 0.15593481 0.15451193 0.14415288]
75,mse,4,0.8418581178933898,0.8971951818806883,[0.17946172 0.18084788 0.17966199 0.17885089 0.1695292 ]
75,mse,5,0.8534569625578895,0.915826380562622,[0.20713496 0.2038269  0.20272207 0.19207907 0.19114113]
75,mae,2,0.7387015495677263,0.7636690666556886,[1.126616   1.12636209 1.10113215 1.09246731 1.08910275]
75,mae,3,0.8082953206069344,0.8447986781483963,[1.5235579  1.48559928 1.45866203 1.47723913 1.45545983]
75,mae,4,0.8392931789391301,0.8936476127298368,[1.83283615 1.78367162 1.75121307 1.76790714 1.74997187]
75,mae,5,0.8537980699283583,0.9168488810037262,[2.08668017 2.05922985 2.00325298 2.03910494 1.98823714]
76,mse,2,0.7675195069337194,0.8060896942587945,[0.13095713 0.1304698  0.13044596 0.12963295 0.12551498]
76,mse,3,0.8146495196440741,0.8655923637724483,[0.15752697 0.15579414 0.15575504 0.15216208 0.14716911]
76,mse,4,0.8420736870551006,0.8974048357720346,[0.18235421 0.18072486 0.17946601 0.17292309 0.16913199]
76,mse,5,0.8535847947210586,0.9160312836497476,[0.20872092 0.20679307 0.20720625 0.19369602 0.19339299]
76,mae,2,0.7394055792451268,0.7646654398223157,[1.15011501 1.13680792 1.10928202 1.12365723 1.11978483]
76,mae,3,0.8084416631679687,0.8449602918965342,[1.54649091 1.54826808 1.49908113 1.53604388 1.48625207]
76,mae,4,0.8393767808334724,0.8938244227327005,[1.86948395 1.83315778 1.78242302 1.81873202 1.78504395]
76,mae,5,0.8536791064892373,0.9170112422484618,[2.12652493 2.09158087 2.03741479 2.05599904 2.01821208]
77,mse,2,0.7676699501775429,0.8062237858714609,[0.13581371 0.131001   0.13067794 0.13144803 0.12685275]
77,mse,3,0.8147962879423858,0.8656109455560642,[0.15958619 0.15699601 0.15646315 0.15369487 0.14533019]
77,mse,4,0.8420686535725841,0.8974776487758918,[0.18793702 0.18455505 0.20309997 0.17246008 0.16891885]
77,mse,5,0.8535983103098836,0.9160433331606612,[0.21129918 0.21205783 0.20828199 0.19319201 0.19352508]
77,mae,2,0.7397978633229902,0.7649865477100279,[1.16049075 1.15411997 1.12762213 1.14005208 1.1173811 ]
77,mae,3,0.8086899047943114,0.8452739083091014,[1.56853318 1.51614809 1.50660205 1.50585914 1.52376699]
77,mae,4,0.8393920422009344,0.8938705873895868,[1.92015696 1.85913587 1.80940795 1.82722998 1.80746102]
77,mae,5,0.8537712093235863,0.917089726424324,[2.1537981  2.101372   2.06790686 2.09934688 2.06980586]
78,mse,2,0.7674991331647639,0.8060540027487388,[0.13670778 0.13232112 0.13303018 0.13216209 0.12836814]
78,mse,3,0.8146936676488652,0.8654074604890164,[0.16280293 0.16108918 0.16781116 0.15716887 0.15044713]
78,mse,4,0.8419358810393043,0.897390161130226,[0.19056082 0.18821216 0.18910003 0.17560482 0.17110801]
78,mse,5,0.8534478447720426,0.9159598695840746,[0.21408796 0.21105886 0.21011186 0.19668794 0.19938898]
78,mae,2,0.739419293313875,0.7645778399627876,[1.17512918 1.16747689 1.1446209  1.15156102 1.14223194]
78,mae,3,0.8087476271364924,0.8451601961515663,[1.59035492 1.55662489 1.5303123  1.53051209 1.5228548 ]
78,mae,4,0.8391643651136761,0.8936996738524432,[1.91171193 1.86922407 1.8374238  1.85042906 1.8323369 ]
78,mae,5,0.8536140812717832,0.916958427729736,[2.17727375 2.1502521  2.09047985 2.12921691 2.0883081 ]
79,mse,2,0.767265051510585,0.8058897985823663,[0.13782811 0.13661599 0.13429403 0.13343287 0.12833524]
79,mse,3,0.8147225786508955,0.8655502559056321,[0.16533303 0.16074872 0.16266584 0.15933299 0.15367198]
79,mse,4,0.8420417318034985,0.8973852250446596,[0.19237399 0.19306087 0.19149113 0.17709899 0.17740178]
79,mse,5,0.8533795787219066,0.9159387196665774,[0.21770597 0.21423626 0.2136209  0.20608807 0.20160794]
79,mae,2,0.7389233336845902,0.7642722834577643,[1.20521188 1.18746424 1.15184593 1.14973187 1.14902496]
79,mae,3,0.8085325455601904,0.8451799329264771,[1.62538505 1.55724406 1.55747795 1.54633617 1.53634   ]
79,mae,4,0.8390541673846705,0.8938210026160771,[1.95390797 1.88674498 1.85488582 1.86860633 1.85342813]
79,mae,5,0.8535121407616189,0.9170097953682712,[2.17424297 2.13663602 2.07966495 2.13376808 2.07416511]
80,mse,2,0.7671966532646264,0.8059547151591149,[0.14056492 0.13981795 0.13852215 0.135957   0.12895703]
80,mse,3,0.8147480609929527,0.8653631473261569,[0.1669693  0.16504121 0.16665697 0.15767026 0.15033889]
80,mse,4,0.8419020901840396,0.8972566744618342,[0.1917398  0.19117594 0.19188595 0.17956209 0.1751411 ]
80,mse,5,0.8531544076674449,0.9158064015945641,[0.21993709 0.21792817 0.21355391 0.20001101 0.20005727]
80,mae,2,0.7395740106517511,0.7648546990947211,[1.21269202 1.1930387  1.18135095 1.16460228 1.16138911]
80,mae,3,0.8085698604747982,0.8450894085857504,[1.63237715 1.56876397 1.55675793 1.56175375 1.56125212]
80,mae,4,0.8388687051295974,0.8936605403268203,[1.93842196 1.91036296 1.87694883 1.89415503 1.86471391]
80,mae,5,0.8534459757923522,0.9168520084517402,[2.22474408 2.18185401 2.12082076 2.16983819 2.12201405]
81,mse,2,0.7674374778139008,0.8059333683304158,[0.14107323 0.13652992 0.1362741  0.13988423 0.13299298]
81,mse,3,0.8147221835048792,0.8652871845648205,[0.1699841  0.16628623 0.16706896 0.16037607 0.15229583]
81,mse,4,0.8417994055511425,0.8971499048731074,[0.19799304 0.19255114 0.20938706 0.17850375 0.17868996]
81,mse,5,0.8530051432273466,0.9157350671010216,[0.22292399 0.22253895 0.21302676 0.20188189 0.20677471]
81,mae,2,0.7398428880513765,0.7653709378195812,[1.22262597 1.20651388 1.17967892 1.19586587 1.18295097]
81,mae,3,0.8085600216532276,0.845164820814667,[1.64311886 1.59936094 1.56740904 1.58509803 1.57017493]
81,mae,4,0.8389999803070731,0.8935800229891608,[1.98641324 1.93153691 1.90076303 1.91027379 1.89821887]
81,mae,5,0.8535237063948147,0.9167754419255384,[2.23222709 2.21013093 2.15174103 2.21026301 2.14013529]
82,mse,2,0.7675561778066072,0.8060723053778819,[0.14243698 0.13894105 0.13803482 0.139467   0.13225198]
82,mse,3,0.8147408334846101,0.8651933414626576,[0.17187715 0.1708231  0.17042089 0.16245079 0.15989614]
82,mse,4,0.8420016580895746,0.8971017414133357,[0.19772482 0.19614196 0.19666314 0.18283916 0.18695402]
82,mse,5,0.853152743311601,0.9157012932683896,[0.2266171  0.22294712 0.21760678 0.21171403 0.208534  ]
82,mae,2,0.7398584069667669,0.7654119242351022,[1.25689006 1.2295723  1.2145927  1.20758891 1.21325207]
82,mae,3,0.8086733162101684,0.8452762499047519,[1.66107297 1.62281799 1.59223604 1.6085887  1.59158611]
82,mae,4,0.8393003734282549,0.8936234516375692,[1.99759626 1.95337701 1.93164611 1.94189692 1.90770316]
82,mae,5,0.8538094338191591,0.9167401656195888,[2.2566371  2.22596598 2.17032313 2.213238   2.15505195]
83,mse,2,0.7674597788238942,0.8059276195872783,[0.14743114 0.14349389 0.14116216 0.14232278 0.13161612]
83,mse,3,0.8145021951792113,0.8651245146642215,[0.17033696 0.16998506 0.17112684 0.16387773 0.16103005]
83,mse,4,0.8419218639455057,0.8970768876427719,[0.20080328 0.19771981 0.19846702 0.18773794 0.18651009]
83,mse,5,0.8530759306218052,0.9156924379603548,[0.22710204 0.22662282 0.22056508 0.21460104 0.20774293]
83,mae,2,0.7398603968911978,0.7652476791060081,[1.25609875 1.2345767  1.21743202 1.2122848  1.20265198]
83,mae,3,0.8084728881605331,0.8452578968697468,[1.68385792 1.63987708 1.62351704 1.63375902 1.61554503]
83,mae,4,0.8391350963125163,0.8935375562476178,[2.05025196 1.98977828 1.93781877 1.96191597 1.93402433]
83,mae,5,0.8535773739561479,0.9167174326678754,[2.29608393 2.24963999 2.18585205 2.23221087 2.17782807]
84,mse,2,0.7673898204569007,0.8062148425775923,[0.14451194 0.14344597 0.14273787 0.14373398 0.13618422]
84,mse,3,0.8145922302602392,0.8651916353991653,[0.17491293 0.17416096 0.17083812 0.16304708 0.16168404]
84,mse,4,0.8420711879405385,0.8970670442524835,[0.20122004 0.2017498  0.19895911 0.18445396 0.18939686]
84,mse,5,0.8529177469226805,0.9156429622643631,[0.23090911 0.22897601 0.2198751  0.21331692 0.2141602 ]
84,mae,2,0.7391364249425795,0.7646754682868246,[1.28490615 1.24657297 1.23077917 1.22759509 1.22624922]
84,mae,3,0.8080464060612587,0.8451890564276315,[1.77567267 1.70609617 1.64105892 1.64583182 1.63479209]
84,mae,4,0.8390711443145629,0.8933921780449877,[2.04974365 2.01168799 1.96398687 1.98977399 1.96070194]
84,mae,5,0.8537333954486248,0.9166289126728228,[2.32286906 2.28586102 2.22362304 2.27252412 2.21587873]
85,mse,2,0.7674944749078088,0.8061399940315319,[0.14659882 0.14373302 0.14504409 0.14411688 0.13622093]
85,mse,3,0.8147732107691201,0.8651798197052909,[0.17532396 0.17494178 0.17527294 0.16705775 0.1649332 ]
85,mse,4,0.8422908745056192,0.8970648582487624,[0.204427   0.20492887 0.20525193 0.18846321 0.19076085]
85,mse,5,0.8530351439086082,0.9156050494240844,[0.23351502 0.22685814 0.22241092 0.21756601 0.21775699]
85,mae,2,0.7387613041026361,0.7644763935080603,[1.29063416 1.25999188 1.24619007 1.24494624 1.23477912]
85,mae,3,0.8080862378136869,0.8450127694574979,[1.74723506 1.68554902 1.6721251  1.66833711 1.65308619]
85,mae,4,0.8389817843561291,0.8932854404423877,[2.07481027 2.04291582 1.99146318 2.03643894 1.97842789]
85,mae,5,0.8538795294177381,0.9166043477730752,[2.34594893 2.31315207 2.25867915 2.33765411 2.27863979]
86,mse,2,0.7673156571573692,0.8062851811066276,[0.15034604 0.14772391 0.14720297 0.14615989 0.13518691]
86,mse,3,0.8147274795394652,0.8652161867849241,[0.181813   0.17855382 0.1773088  0.17246413 0.16304922]
86,mse,4,0.8422988641235406,0.8971103210394376,[0.21276808 0.20667529 0.20406008 0.19463396 0.19000196]
86,mse,5,0.8530676502448072,0.9156507759313988,[0.24068689 0.23479009 0.2291131  0.21552634 0.22796988]
86,mae,2,0.7383895098169552,0.7643869444069067,[1.31062818 1.27925467 1.26199293 1.27139306 1.26406074]
86,mae,3,0.8080929642805099,0.8449473708718702,[1.77350116 1.70863008 1.7112062  1.69978523 1.707304  ]
86,mae,4,0.8389978117061906,0.8933214348882237,[2.10732794 2.09323812 2.02678609 2.07579184 2.02123809]
86,mae,5,0.8538596164426621,0.916595960719272,[2.40372992 2.37340498 2.32736301 2.32691789 2.2797389 ]
87,mse,2,0.7673324676548059,0.8061649414256726,[0.15043378 0.14736724 0.14711499 0.14825511 0.14028382]
87,mse,3,0.8144568754922087,0.8652645760000055,[0.17972589 0.17866421 0.17599893 0.16711688 0.16852713]
87,mse,4,0.8422999801549944,0.8971172075971865,[0.20957804 0.20871305 0.20549679 0.19408798 0.19705391]
87,mse,5,0.8530611088055092,0.9156670245402794,[0.25837803 0.23745298 0.22660184 0.22250175 0.23943686]
87,mae,2,0.7382266933677674,0.7641409709213898,[1.33396506 1.29719687 1.2888031  1.28053689 1.27024198]
87,mae,3,0.8080505767811268,0.8448867766361534,[1.77496314 1.72699499 1.69844508 1.71722913 1.7090199 ]
87,mae,4,0.8387963211899396,0.8932651268214847,[2.12424302 2.10601211 2.04231381 2.08216786 2.04116988]
87,mae,5,0.8538928528413209,0.9165884562520586,[2.40863419 2.38257408 2.31161714 2.3772831  2.29919624]
88,mse,2,0.7675120861062534,0.8061615056156363,[0.15410709 0.150913   0.15091896 0.14875531 0.13831615]
88,mse,3,0.8142191000007977,0.8651967769994787,[0.18428326 0.1834929  0.18278503 0.17482519 0.16559792]
88,mse,4,0.8421747826876125,0.8971068100336488,[0.22740197 0.21693802 0.21006513 0.19721174 0.19344807]
88,mse,5,0.8529017027845652,0.9156513881093952,[0.2478478  0.24109316 0.23339224 0.22085214 0.23463178]
88,mae,2,0.7379633615206493,0.7638831461335245,[1.33603311 1.31231689 1.29665995 1.2909379  1.28252721]
88,mae,3,0.8079262990698229,0.8449196627162561,[1.78976488 1.75591397 1.72490788 1.7312603  1.74055195]
88,mae,4,0.8387468955745561,0.8932931762400573,[2.15457892 2.10197401 2.07419801 2.08144999 2.05184197]
88,mae,5,0.8538603400036713,0.9165791402901772,[2.42470717 2.38706398 2.33688688 2.39275408 2.33361912]
89,mse,2,0.7674438350541645,0.8060229076747953,[0.15419102 0.14959908 0.152596   0.15101695 0.1389842 ]
89,mse,3,0.8143341727964749,0.8651744311606648,[0.18551016 0.18371511 0.18380594 0.17567611 0.1671617 ]
89,mse,4,0.8422788440467224,0.897128145669568,[0.21357179 0.21225882 0.210639   0.19939184 0.19464612]
89,mse,5,0.8529827358531655,0.9156583456681598,[0.2497952  0.24746013 0.23319077 0.22312808 0.24862528]
89,mae,2,0.7380506412109108,0.7640039298674116,[1.34908605 1.3188262  1.30291581 1.31390381 1.2923789 ]
89,mae,3,0.8079493924642135,0.8448300051954787,[1.79620028 1.74705362 1.7332201  1.73915029 1.7345233 ]
89,mae,4,0.8389302621059874,0.8932545548676796,[2.16045499 2.11852098 2.08024597 2.11400342 2.07378793]
89,mae,5,0.8539225823768841,0.9165285039111334,[2.44468713 2.41302085 2.34600496 2.39827418 2.34028697]
90,mse,2,0.7672910829967876,0.8059611224323179,[0.15547705 0.15569901 0.15454292 0.15051603 0.14362097]
90,mse,3,0.8144338388347441,0.8652914985700093,[0.187253   0.18517303 0.18428898 0.17167306 0.17304897]
90,mse,4,0.8422843301718563,0.89723515564152,[0.21806383 0.21511698 0.21042991 0.197366   0.20292687]
90,mse,5,0.8530724829359212,0.9157918569468928,[0.25187087 0.24530315 0.23303914 0.22938514 0.24193621]
90,mae,2,0.7377718703838505,0.7639028651523934,[1.35948014 1.33019185 1.31768394 1.31565619 1.30807495]
90,mae,3,0.8079550770960351,0.8449929552990753,[1.82101202 1.78020096 1.74709296 1.7626369  1.74224424]
90,mae,4,0.8387922987514939,0.8934207077530042,[2.18029785 2.14501715 2.10196018 2.14102602 2.08827591]
90,mae,5,0.8538921598230708,0.916750894120116,[2.46918821 2.44755411 2.39616299 2.42428589 2.37384701]
91,mse,2,0.7671491910168583,0.8058112304358213,[0.16050816 0.15373492 0.15482283 0.15241194 0.14146304]
91,mse,3,0.8144430353740638,0.8651694699931932,[0.18850923 0.18753314 0.18614388 0.17881966 0.17196202]
91,mse,4,0.8422923144041302,0.8971469809792433,[0.22042608 0.21917796 0.21910405 0.21401501 0.20037079]
91,mse,5,0.853008833445006,0.9157633461006686,[0.26086903 0.25073385 0.23671293 0.22892427 0.24501705]
91,mae,2,0.7374788326044651,0.7637871400780917,[1.39016128 1.3480792  1.33796573 1.34424019 1.32853508]
91,mae,3,0.8079817172792187,0.8449230247322914,[1.84904981 1.81969881 1.77678823 1.78646517 1.80032396]
91,mae,4,0.838751486255808,0.8933318243549541,[2.28425503 2.18493295 2.12501812 2.15048504 2.12767005]
91,mae,5,0.8537516650355128,0.91670561805456,[2.51252294 2.4632709  2.40172005 2.44836116 2.40383101]
92,mse,2,0.7671228359465516,0.8057302509565061,[0.16050816 0.15635085 0.15671992 0.15620184 0.14625001]
92,mse,3,0.8146233763626018,0.8654046256587858,[0.19542694 0.1962862  0.18684793 0.17659116 0.17787004]
92,mse,4,0.8423818349082977,0.8971143679762712,[0.22366309 0.2195909  0.21446395 0.20977688 0.2051158 ]
92,mse,5,0.8531494144643128,0.9157467559809028,[0.25775409 0.24814987 0.24129009 0.23669028 0.25220466]
92,mae,2,0.7372548113458235,0.7636045345588549,[1.41314363 1.35864902 1.34521508 1.34629607 1.34649897]
92,mae,3,0.8081117553156556,0.844925044773445,[1.85896611 1.81150889 1.7974999  1.82624173 1.78717804]
92,mae,4,0.8389054446564534,0.8933685964504802,[2.2425108  2.19731498 2.14841032 2.18223691 2.14914417]
92,mae,5,0.8537892156423244,0.9167183799297184,[2.51914716 2.4941051  2.43313885 2.48982716 2.41877413]
93,mse,2,0.7669580437067369,0.8056414943599112,[0.16163301 0.16365314 0.16225886 0.15755892 0.15198708]
93,mse,3,0.814561994676463,0.8653062877820228,[0.20051718 0.1931479  0.19347787 0.17765689 0.17825508]
93,mse,4,0.8423818924858146,0.8969945999528524,[0.22646594 0.22499824 0.21873403 0.20511794 0.21434593]
93,mse,5,0.8531013790920505,0.915623661474154,[0.25935888 0.25379395 0.24179983 0.24204993 0.25521111]
93,mae,2,0.738001708951822,0.7641382605908793,[1.41119003 1.36630797 1.36606812 1.35713983 1.35560107]
93,mae,3,0.808037139083145,0.8448492709458264,[1.87906814 1.83252215 1.82731509 1.84302378 1.82131577]
93,mae,4,0.8390064801098542,0.8932212575161399,[2.26216578 2.23130918 2.19118094 2.2115941  2.17475581]
93,mae,5,0.8537038555575898,0.9165576214912392,[2.58349013 2.53334594 2.46927905 2.50378275 2.45822096]
94,mse,2,0.7669554888026366,0.805657259132265,[0.1650672  0.16146708 0.16082692 0.15710187 0.14896202]
94,mse,3,0.8147369724742782,0.865323135529084,[0.19574618 0.19208598 0.19235921 0.18285799 0.18746805]
94,mse,4,0.8426800936626012,0.8970633957934544,[0.23256588 0.22394514 0.21890426 0.21082091 0.23632097]
94,mse,5,0.8533239957434248,0.9156906379642162,[0.25909567 0.25702691 0.24458098 0.24159312 0.25242019]
94,mae,2,0.7379478440234153,0.7640262930814576,[1.43535423 1.38615417 1.40567088 1.40976501 1.37637806]
94,mae,3,0.8082577405132728,0.8449078513601841,[1.91397715 1.86934495 1.84970117 1.85528183 1.84206605]
94,mae,4,0.8392030705455589,0.8932369178518256,[2.30623126 2.26679707 2.21818089 2.2267921  2.20021701]
94,mae,5,0.8538223730828488,0.9165678114329012,[2.59191298 2.55097294 2.49053788 2.53111696 2.47730494]
95,mse,2,0.76682139107146,0.805511126213923,[0.16742134 0.16202784 0.16206503 0.16165185 0.15102601]
95,mse,3,0.8146699957917086,0.8652808895163571,[0.19638491 0.19555211 0.19543505 0.18450403 0.18298793]
95,mse,4,0.8424213559272886,0.8970394735771541,[0.23214293 0.22773004 0.2240293  0.2154851  0.21585989]
95,mse,5,0.8531536450547827,0.9157091363709814,[0.26311898 0.26371312 0.24999499 0.24510288 0.26500893]
95,mae,2,0.7377453203309201,0.7638236866470057,[1.45102215 1.40212989 1.38710308 1.39020705 1.37875009]
95,mae,3,0.8082981642790005,0.8448326480538304,[1.91811562 1.88647294 1.86129594 1.86850786 1.84170699]
95,mae,4,0.8391321529754867,0.8932020546416763,[2.30560613 2.29528689 2.23984623 2.25984406 2.22280717]
95,mae,5,0.8538239728519794,0.9165828104581676,[2.61970973 2.60665512 2.54855609 2.59222412 2.50447893]
96,mse,2,0.7670699455152574,0.8055189351871708,[0.17427897 0.16526103 0.16454792 0.15710306 0.15421796]
96,mse,3,0.8147021428680645,0.8653541864901637,[0.19941401 0.19862175 0.19899869 0.1832757  0.18629599]
96,mse,4,0.842355498761205,0.8970845986999312,[0.23198795 0.22978806 0.23675203 0.23652506 0.22909403]
96,mse,5,0.8532242807570409,0.9157681839793751,[0.27455997 0.26064491 0.24951005 0.24071503 0.25880814]
96,mae,2,0.7382438644453717,0.7640206710615866,[1.46615887 1.41429305 1.43256903 1.41629815 1.40559483]
96,mae,3,0.8084054410620503,0.8448938599803417,[1.94872403 1.90464115 1.88176703 1.89465094 1.8993721 ]
96,mae,4,0.8391380022148656,0.8931681755390152,[2.33716512 2.3424201  2.25959396 2.29477096 2.2659061 ]
96,mae,5,0.8538948883316577,0.9166190349205524,[2.64496112 2.62244511 2.55843186 2.59961009 2.56734324]
97,mse,2,0.766968735266249,0.8054498162481945,[0.17833018 0.17674804 0.17527509 0.16691709 0.15787959]
97,mse,3,0.8146392973595689,0.8652978609758822,[0.20249605 0.20396328 0.19940186 0.18778396 0.20403194]
97,mse,4,0.8422845767532712,0.8971374172874492,[0.26241684 0.2702682  0.23382998 0.24582505 0.23870015]
97,mse,5,0.8532643563524409,0.9158305854354832,[0.26900315 0.27090812 0.26533175 0.26538181 0.26217318]
97,mae,2,0.7379839768737403,0.7638441820470458,[1.46971607 1.42893696 1.422786   1.41746712 1.4151721 ]
97,mae,3,0.8084297947011914,0.8448023256616413,[1.96295786 1.91460681 1.89547586 1.89569616 1.88164783]
97,mae,4,0.8391540270633054,0.8930637082804965,[2.35818505 2.31703901 2.28032708 2.30265903 2.28962874]
97,mae,5,0.8538483351270564,0.9165801104014156,[2.67632699 2.64023614 2.56969213 2.61028695 2.5627799 ]
98,mse,2,0.7673677180408042,0.8054476552800027,[0.17186213 0.16566396 0.18386102 0.15825891 0.15239692]
98,mse,3,0.8147904731992647,0.8652927738719661,[0.20449615 0.19857311 0.20178699 0.18385291 0.18445802]
98,mse,4,0.8424475653944015,0.8971244454766196,[0.23749185 0.2343781  0.22464991 0.21414924 0.23312497]
98,mse,5,0.8533588240313754,0.9158271624867634,[0.26910901 0.26454091 0.251091   0.25083327 0.26255703]
98,mae,2,0.7378169334306809,0.7636208571993623,[1.48241305 1.49008727 1.45159888 1.44643998 1.4288919 ]
98,mae,3,0.8083758691333083,0.8447803414621958,[1.98232198 1.94179106 1.93513608 1.95199919 1.9102962 ]
98,mae,4,0.8392872912277378,0.8930297856180476,[2.38756299 2.34816003 2.29700685 2.33720398 2.28622198]
98,mae,5,0.8538842156981374,0.9165195190605059,[2.68774486 2.6636641  2.59858418 2.63209796 2.60320783]
99,mse,2,0.7672584006991124,0.8054092110583255,[0.17072797 0.17155385 0.16990709 0.1629262  0.16043115]
99,mse,3,0.8147242012618812,0.8652011900290564,[0.20701408 0.20371819 0.20434213 0.19112229 0.18916798]
99,mse,4,0.8425128374623441,0.8971156477153179,[0.24206781 0.24057102 0.25729609 0.22072911 0.23312283]
99,mse,5,0.8532735583766223,0.9158162893947929,[0.27573895 0.26904488 0.25066876 0.24994278 0.26857209]
99,mae,2,0.7379946307101264,0.7638144005022554,[1.52323103 1.45517111 1.45067978 1.45351028 1.44236684]
99,mae,3,0.8082930261362199,0.8447791015377313,[2.01157188 1.94979978 1.93263197 1.94331217 1.92600608]
99,mae,4,0.8392125540083437,0.8929974468600275,[2.40148997 2.36131597 2.31820798 2.34494972 2.30873013]
99,mae,5,0.8538096305362213,0.9165579658312188,[2.71680689 2.68926907 2.61470294 2.68148017 2.61820912]
